Workbook
Name CIUDAD: [1]LISTAS!$L$2:$L$5
Name Lista_servicios: [2]LISTAS!$E$2:$E$353
Name Lista_unidad_negocio: [1]LISTAS!$J$2:$J$23

Sheet DASHBOARD
A1: ESTRUCTURA DEL COSTO POR PROGRAMA Y USO DE RECURSOS MÉDICOS
A2: Análisis por ruta clínica – Cifras promedio por paciente
B3: Programa: | C3: Cuidado Respiratorio | Q3: Ruta Normal (12m) | T3: Ruta Ecopetrol (18m)
A5: 1 RESUMEN EJECUTIVO – COSTO POR PROGRAMA | H5: ="2 ANATOMÍA DEL COSTO – "&$C$3 -> 2 ANATOMÍA DEL COSTO – Cuidado Respiratorio | O5: ="3 PARETO DE COSTOS – "&$C$3 -> 3 PARETO DE COSTOS – Cuidado Respiratorio
A23: ="Los 3 programas de mayor costo concentran "&TEXT(Calculos!I22,"0%")&" del total (Normal)." -> Los 3 programas de mayor costo concentran 43% del total (Normal). | H23: ="El "&TEXT(Calculos!I24,"0%")&" del costo de "&$C$3&" se concentra en "&Calculos!I23&"." -> El 41% del costo de Cuidado Respiratorio se concentra en Consultas. | O23: ="Las 2 categorías principales explican "&TEXT(Calculos!I25,"0%")&" del costo." -> Las 2 categorías principales explican 73% del costo.
A25: ="4 ESTRUCTURA DE SERVICIOS – "&$C$3 -> 4 ESTRUCTURA DE SERVICIOS – Cuidado Respiratorio | H25: 5 COMPARATIVO NORMAL (12m) VS ECOPETROL (18m) | O25: 6 MAPA ESTRATÉGICO DE IMPACTO ECONÓMICO
A26: Categoría | D26: Nº serv. | E26: Costo total | G26: % total | H26: Concepto | J26: Normal (12m) | L26: Ecopetrol (18m) | N26: Variación
A27: =Calculos!H8 -> Consultas | D27: =SUMIFS(BASE12MESES!$AC:$AC,BASE12MESES!$AG:$AG,Calculos!$I$4,BASE12MESES!$C:$C,Calculos!H8) -> 17 | E27: =Calculos!I8 -> 273505.04 | G27: =Calculos!K8 -> 0.40578445 | H27: =Calculos!H17 -> Costo total por paciente | J27: =Calculos!I17 -> 674015.57 | L27: =Calculos!J17 -> 1007999.4 | N27: =Calculos!K17 -> 0.49551352
A28: =Calculos!H9 -> Diagnosticos | D28: =SUMIFS(BASE12MESES!$AC:$AC,BASE12MESES!$AG:$AG,Calculos!$I$4,BASE12MESES!$C:$C,Calculos!H9) -> 2 | E28: =Calculos!I9 -> 21589.016 | G28: =Calculos!K9 -> 0.032030441 | H28: =Calculos!H18 -> Número total de servicios | J28: =Calculos!I18 -> 47 | L28: =Calculos!J18 -> 59 | N28: =Calculos!K18 -> 0.25531915
A29: =Calculos!H10 -> Terapias | D29: =SUMIFS(BASE12MESES!$AC:$AC,BASE12MESES!$AG:$AG,Calculos!$I$4,BASE12MESES!$C:$C,Calculos!H10) -> 2 | E29: =Calculos!I10 -> 4921.1722 | G29: =Calculos!K10 -> 0.0073012738 | H29: =Calculos!H19 -> Costo promedio mensual | J29: =Calculos!I19 -> 56167.964 | L29: =Calculos!J19 -> 55999.966 | N29: =Calculos!K19 -> -0.0029909869
A30: =Calculos!H11 -> Educacion | D30: =SUMIFS(BASE12MESES!$AC:$AC,BASE12MESES!$AG:$AG,Calculos!$I$4,BASE12MESES!$C:$C,Calculos!H11) -> 12 | E30: =Calculos!I11 -> 152921.06 | G30: =Calculos!K11 -> 0.2268806 | H30: =Calculos!H20 -> Costo promedio por servicio | J30: =Calculos!I20 -> 14340.757 | L30: =Calculos!J20 -> 17084.736 | N30: =Calculos!K20 -> 0.19134128
A31: =Calculos!H12 -> Gestion y seguimiento | D31: =SUMIFS(BASE12MESES!$AC:$AC,BASE12MESES!$AG:$AG,Calculos!$I$4,BASE12MESES!$C:$C,Calculos!H12) -> 14 | E31: =Calculos!I12 -> 221079.28 | G31: =Calculos!K12 -> 0.32800323
A32: TOTAL | D32: =SUM(D27:D31) -> 47 | E32: =SUM(Calculos!I8:I12) -> 674015.57 | G32: =SUM(G27:G31) -> 1 | H32: ="Ecopetrol varía el costo por paciente en "&TEXT(Calculos!K17,"+0%;-0%")&" frente a la ruta Normal (18 vs 12 meses)." -> Ecopetrol varía el costo por paciente en +50% frente a la ruta Normal (18 vs 12 meses).
A46: Estos análisis permiten identificar oportunidades de optimización, priorizar recursos y mejorar el valor en salud. | Fuente: Costos por Programa y Uso de Recursos Médicos

Sheet COSTOS SERVICIOS
A1: COSTO SERVICIOS 2025 | E1: EQUIVALENCIAS COSTO SERVICIOS 2026
A2: Servicio | B2: Valor | C2: Valor evento (SALUD TOTAl) | E2: Ciudad Servicio | F2: Sede | G2: Unidad de Negocio | H2: Columna1 | I2: Columna2 | J2: Columna3 | K2: CUPS | L2: SERVICIO | M2: VALOR
A3: ACTIVIDAD EDUCATIVA / PROGRAMAS | B3: 6486 | C3: - | E3: BUCARAMANGA_AREA_METR | F3: SEDE EL PRADO | G3: PROGRAMAS INTEGRALES | H3: 890201 | I3: CONSULTA PRIMERA VEZ MEDICINA GENERAL | J3: =_xlfn.CONCAT(E3,"-",F3,"-",G3,"-",I3) -> BUCARAMANGA_AREA_METR-SEDE EL PRADO-PROGRAMAS INTEGRALES-CONSULTA PRIMERA VEZ MEDICINA GENERAL | K3: CPI_78 | L3: CONSULTA PRIMERA VEZ MEDICINA GENERAL / PROGRAMAS | M3: =_xlfn.XLOOKUP(J3,[1]!Tabla1[CONCAT DETALLE],[1]!Tabla1[COSTO ACTUAL]) -> 24009.73
A4: CAMINATA 6 MINUTOS / PROGRAMAS | B4: 76840 | C4: 131250 | E4: BUCARAMANGA_AREA_METR | F4: SEDE EL PRADO | G4: PROGRAMAS INTEGRALES | H4: 890206 | I4: NUTRICION PRIMERA VEZ | J4: =_xlfn.CONCAT(E4,"-",F4,"-",G4,"-",I4) -> BUCARAMANGA_AREA_METR-SEDE EL PRADO-PROGRAMAS INTEGRALES-NUTRICION PRIMERA VEZ | K4: CPI_74 | L4: NUTRICION PRIMERA VEZ / PROGRAMAS | M4: =_xlfn.XLOOKUP(J4,[1]!Tabla1[CONCAT DETALLE],[1]!Tabla1[COSTO ACTUAL]) -> 20406.133
A5: CAPACIDAD DE DIFUSION / PROGRAMAS | B5: 74241 | C5: 68685 | E5: BUCARAMANGA_AREA_METR | F5: SEDE EL PRADO | G5: PROGRAMAS INTEGRALES | H5: 890208 | I5: PSICOLOGIA PRIMERA VEZ | J5: =_xlfn.CONCAT(E5,"-",F5,"-",G5,"-",I5) -> BUCARAMANGA_AREA_METR-SEDE EL PRADO-PROGRAMAS INTEGRALES-PSICOLOGIA PRIMERA VEZ | K5: CPI_76 | L5: PSICOLOGIA PRIMERA VEZ / PROGRAMAS | M5: =_xlfn.XLOOKUP(J5,[1]!Tabla1[CONCAT DETALLE],[1]!Tabla1[COSTO ACTUAL]) -> 18768.368
A6: CIERRE TERAPIA RESPIRATORIA/ PROGRAMAS | B6: 20860 | C6: 15000 | E6: BUCARAMANGA_AREA_METR | F6: SEDE EL PRADO | G6: PROGRAMAS INTEGRALES | H6: 890211 | I6: FISIOTERAPIA PRIMERA VEZ | J6: =_xlfn.CONCAT(E6,"-",F6,"-",G6,"-",I6) -> BUCARAMANGA_AREA_METR-SEDE EL PRADO-PROGRAMAS INTEGRALES-FISIOTERAPIA PRIMERA VEZ | K6: CPI_81 | L6: FISIOTERAPIA PRIMERA VEZ / PROGRAMAS | M6: =_xlfn.XLOOKUP(J6,[1]!Tabla1[CONCAT DETALLE],[1]!Tabla1[COSTO ACTUAL]) -> 19368.009
A7: CONSULTA CONTROL ALERGOLOGIA / PROGRAMAS | B7: 66667 | C7: 65000 | E7: BUCARAMANGA_AREA_METR | F7: SEDE EL PRADO | G7: PROGRAMAS INTEGRALES | H7: 890301 | I7: CONSULTA CONTROL MEDICINA GENERAL | J7: =_xlfn.CONCAT(E7,"-",F7,"-",G7,"-",I7) -> BUCARAMANGA_AREA_METR-SEDE EL PRADO-PROGRAMAS INTEGRALES-CONSULTA CONTROL MEDICINA GENERAL | K7: CPI_79 | L7: CONSULTA CONTROL MEDICINA GENERAL / PROGRAMAS | M7: =_xlfn.XLOOKUP(J7,[1]!Tabla1[CONCAT DETALLE],[1]!Tabla1[COSTO ACTUAL]) -> 24009.73
A8: CONSULTA CONTROL CARDIOLOGIA / PROGRAMAS | B8: 50000 | C8: 90000 | E8: BUCARAMANGA_AREA_METR | F8: SEDE EL PRADO | G8: PROGRAMAS INTEGRALES | H8: 890301 | I8: CONSULTA CONTROL MEDICINA GENERAL | J8: =_xlfn.CONCAT(E8,"-",F8,"-",G8,"-",I8) -> BUCARAMANGA_AREA_METR-SEDE EL PRADO-PROGRAMAS INTEGRALES-CONSULTA CONTROL MEDICINA GENERAL | K8: CPI_79 | L8: CONSULTA CONTROL MEDICINA GENERAL / PROGRAMAS | M8: =_xlfn.XLOOKUP(J8,[1]!Tabla1[CONCAT DETALLE],[1]!Tabla1[COSTO ACTUAL]) -> 24009.73
A9: CONSULTA CONTROL MEDICINA INTERNA / PROGRAMAS | B9: 35000 | C9: - | E9: BUCARAMANGA_AREA_METR | F9: SEDE EL PRADO | G9: PROGRAMAS INTEGRALES | H9: 890301 | I9: CONSULTA CONTROL MEDICINA GENERAL | J9: =_xlfn.CONCAT(E9,"-",F9,"-",G9,"-",I9) -> BUCARAMANGA_AREA_METR-SEDE EL PRADO-PROGRAMAS INTEGRALES-CONSULTA CONTROL MEDICINA GENERAL | K9: CPI_79 | L9: CONSULTA CONTROL MEDICINA GENERAL / PROGRAMAS (Todas las que requiera el paciente) | M9: =_xlfn.XLOOKUP(J9,[1]!Tabla1[CONCAT DETALLE],[1]!Tabla1[COSTO ACTUAL]) -> 24009.73
A10: CONSULTA CONTROL NEUMOLOGIA ADULTO / PROGRAMAS | B10: 50000 | C10: 50000 | E10: BUCARAMANGA_AREA_METR | F10: SEDE EL PRADO | G10: PROGRAMAS INTEGRALES | H10: 890305 | I10: ENFERMERIA PRIMERA VEZ | J10: =_xlfn.CONCAT(E10,"-",F10,"-",G10,"-",I10) -> BUCARAMANGA_AREA_METR-SEDE EL PRADO-PROGRAMAS INTEGRALES-ENFERMERIA PRIMERA VEZ | K10: 890305 | L10: ENFERMERIA PRIMERA VEZ/PROGRAMAS | M10: =_xlfn.XLOOKUP(J10,[1]!Tabla1[CONCAT DETALLE],[1]!Tabla1[COSTO ACTUAL]) -> 21014.397
A11: CONSULTA CONTROL NEUMOLOGIA PEDIATRICA / PROGRAMAS | B11: 64700 | C11: 90000 | E11: BUCARAMANGA_AREA_METR | F11: SEDE EL PRADO | G11: PROGRAMAS INTEGRALES | H11: 890305 | I11: ENFERMERIA CONTROL | J11: =_xlfn.CONCAT(E11,"-",F11,"-",G11,"-",I11) -> BUCARAMANGA_AREA_METR-SEDE EL PRADO-PROGRAMAS INTEGRALES-ENFERMERIA CONTROL | K11: CPI_80 | L11: ENFERMERIA CONTROL / PROGRAMAS | M11: =_xlfn.XLOOKUP(J11,[1]!Tabla1[CONCAT DETALLE],[1]!Tabla1[COSTO ACTUAL]) -> 21014.397
A12: CONSULTA ESPECIALIZADA CONTROL REHABILITACIoN/PROGRAMAS | B12: 64700 | C12: - | E12: BUCARAMANGA_AREA_METR | F12: SEDE EL PRADO | G12: PROGRAMAS INTEGRALES | H12: 890306 | I12: NUTRICION CONTROL | J12: =_xlfn.CONCAT(E12,"-",F12,"-",G12,"-",I12) -> BUCARAMANGA_AREA_METR-SEDE EL PRADO-PROGRAMAS INTEGRALES-NUTRICION CONTROL | K12: CPI_75 | L12: NUTRICION CONTROL / PROGRAMAS | M12: =_xlfn.XLOOKUP(J12,[1]!Tabla1[CONCAT DETALLE],[1]!Tabla1[COSTO ACTUAL]) -> 22052.521
A13: CONSULTA ESPECIALIZADA PRIMERA VEZ REHABILITACIoN/PROGRAMAS | B13: 64700 | C13: - | E13: BUCARAMANGA_AREA_METR | F13: SEDE EL PRADO | G13: PROGRAMAS INTEGRALES | H13: 890308 | I13: PSICOLOGIA CONTROL | J13: =_xlfn.CONCAT(E13,"-",F13,"-",G13,"-",I13) -> BUCARAMANGA_AREA_METR-SEDE EL PRADO-PROGRAMAS INTEGRALES-PSICOLOGIA CONTROL | K13: CPI_77 | L13: PSICOLOGIA CONTROL / PROGRAMAS | M13: =_xlfn.XLOOKUP(J13,[1]!Tabla1[CONCAT DETALLE],[1]!Tabla1[COSTO ACTUAL]) -> 20414.756
A14: CONSULTA PRIMERA VEZ ALERGOLOGIA / PROGRAMAS | B14: 66667 | C14: 65000 | E14: BUCARAMANGA_AREA_METR | F14: SEDE EL PRADO | G14: PROGRAMAS INTEGRALES | H14: CPI_01 | I14: INGRESO PROGRAMAS INTEGRALES | J14: =_xlfn.CONCAT(E14,"-",F14,"-",G14,"-",I14) -> BUCARAMANGA_AREA_METR-SEDE EL PRADO-PROGRAMAS INTEGRALES-INGRESO PROGRAMAS INTEGRALES | K14: CPI_01 | L14: INGRESO PROGRAMAS INTEGRALES | M14: =_xlfn.XLOOKUP(J14,[1]!Tabla1[CONCAT DETALLE],[1]!Tabla1[COSTO ACTUAL]) -> 20552.756
A15: CONSULTA PRIMERA VEZ CARDIOLOGIA / PROGRAMAS | B15: 50000 | C15: 90000 | E15: BUCARAMANGA_AREA_METR | F15: SEDE FOSUNAB | G15: SERVICIO MEDICO | H15: CPI_11 | I15: CONSULTA PRIMERA VEZ NEUMOLOGIA ADULTO | J15: =_xlfn.CONCAT(E15,"-",F15,"-",G15,"-",I15) -> BUCARAMANGA_AREA_METR-SEDE FOSUNAB-SERVICIO MEDICO-CONSULTA PRIMERA VEZ NEUMOLOGIA ADULTO | K15: CPI_11 | L15: CONSULTA PRIMERA VEZ NEUMOLOGIA ADULTO / PROGRAMAS | M15: =_xlfn.XLOOKUP(J15,[1]!Tabla1[CONCAT DETALLE],[1]!Tabla1[COSTO ACTUAL]) -> 67398.099
A16: CONSULTA PRIMERA VEZ MEDICINA INTERNA / PROGRAMAS | B16: 35000 | C16: - | E16: BUCARAMANGA_AREA_METR | F16: SEDE FOSUNAB | G16: SERVICIO MEDICO | H16: CPI_12 | I16: CONSULTA CONTROL NEUMOLOGIA ADULTO | J16: =_xlfn.CONCAT(E16,"-",F16,"-",G16,"-",I16) -> BUCARAMANGA_AREA_METR-SEDE FOSUNAB-SERVICIO MEDICO-CONSULTA CONTROL NEUMOLOGIA ADULTO | K16: CPI_12 | L16: CONSULTA CONTROL NEUMOLOGIA ADULTO / PROGRAMAS (Segun indicacion medica) | M16: =_xlfn.XLOOKUP(J16,[1]!Tabla1[CONCAT DETALLE],[1]!Tabla1[COSTO ACTUAL]) -> 67398.099
A17: CONSULTA PRIMERA VEZ NEUMOLOGIA ADULTO / PROGRAMAS | B17: 50000 | C17: 50000 | E17: BUCARAMANGA_AREA_METR | F17: SEDE FOSUNAB | G17: SERVICIO MEDICO | H17: CPI_13 | I17: CONSULTA PRIMERA VEZ NEUMOLOGIA PEDIATRICA | J17: =_xlfn.CONCAT(E17,"-",F17,"-",G17,"-",I17) -> BUCARAMANGA_AREA_METR-SEDE FOSUNAB-SERVICIO MEDICO-CONSULTA PRIMERA VEZ NEUMOLOGIA PEDIATRICA | K17: CPI_13 | L17: CONSULTA PRIMERA VEZ NEUMOLOGIA PEDIATRICA / PROGRAMAS | M17: =_xlfn.XLOOKUP(J17,[1]!Tabla1[CONCAT DETALLE],[1]!Tabla1[COSTO ACTUAL]) -> 83398.099
A18: CONSULTA PRIMERA VEZ NEUMOLOGIA PEDIATRICA / PROGRAMAS | B18: 64700 | C18: 90000 | E18: BUCARAMANGA_AREA_METR | F18: SEDE FOSUNAB | G18: SERVICIO MEDICO | H18: CPI_14 | I18: CONSULTA CONTROL NEUMOLOGIA PEDIATRICA | J18: =_xlfn.CONCAT(E18,"-",F18,"-",G18,"-",I18) -> BUCARAMANGA_AREA_METR-SEDE FOSUNAB-SERVICIO MEDICO-CONSULTA CONTROL NEUMOLOGIA PEDIATRICA | K18: CPI_14 | L18: CONSULTA CONTROL NEUMOLOGIA PEDIATRICA / PROGRAMAS (Segun indicacion medica) | M18: =_xlfn.XLOOKUP(J18,[1]!Tabla1[CONCAT DETALLE],[1]!Tabla1[COSTO ACTUAL]) -> 77398.099
A19: CONSULTA PRIORITARIA/ PROGRAMAS | B19: 50000 | C19: - | E19: BUCARAMANGA_AREA_METR | F19: SEDE FOSUNAB | G19: LABORATORIO PULMONAR | H19: 893805 | I19: ESPIROMETRIA PRE Y POST BRONCODILATADORES | J19: =_xlfn.CONCAT(E19,"-",F19,"-",G19,"-",I19) -> BUCARAMANGA_AREA_METR-SEDE FOSUNAB-LABORATORIO PULMONAR-ESPIROMETRIA PRE Y POST BRONCODILATADORES | K19: CPI_15 | L19: ESPIROMETRIA PRE Y POST BRONCODILATADORES / PROGRAMAS | M19: =_xlfn.XLOOKUP(J19,[1]!Tabla1[CONCAT DETALLE],[1]!Tabla1[COSTO ACTUAL]) -> 43480.817
A20: CONTACTO DE SEGUIMIENTO Y/O TELEFONICO / PROGRAMAS | B20: 3215 | C20: - | E20: BUCARAMANGA_AREA_METR | F20: SEDE FOSUNAB | G20: LABORATORIO PULMONAR | H20: 893805 | I20: ESPIROMETRIA PRE Y POST BRONCODILATADORES | J20: =_xlfn.CONCAT(E20,"-",F20,"-",G20,"-",I20) -> BUCARAMANGA_AREA_METR-SEDE FOSUNAB-LABORATORIO PULMONAR-ESPIROMETRIA PRE Y POST BRONCODILATADORES | K20: CPI_15 | L20: ESPIROMETRIA PRE Y POST BRONCODILATADORES / PROGRAMAS (Segun condicion de salud) | M20: =_xlfn.XLOOKUP(J20,[1]!Tabla1[CONCAT DETALLE],[1]!Tabla1[COSTO ACTUAL]) -> 43480.817
A21: CONTROL CESACIoN TABAQUICA/ PROGRAMAS | B21: 9241 | C21: - | E21: BUCARAMANGA_AREA_METR | F21: SEDE EL PRADO | G21: PROGRAMAS INTEGRALES | H21: CPI_02 | I21: REHABILITACION INGRESO | J21: =_xlfn.CONCAT(E21,"-",F21,"-",G21,"-",I21) -> BUCARAMANGA_AREA_METR-SEDE EL PRADO-PROGRAMAS INTEGRALES-REHABILITACION INGRESO | K21: CPI_02 | L21: REHABILITACION INGRESO / PROGRAMAS | M21: =_xlfn.XLOOKUP(J21,[1]!Tabla1[CONCAT DETALLE],[1]!Tabla1[COSTO ACTUAL]) -> 31881.452
A22: CONTROL TERAPIA RESPIRATORIA/ PROGRAMAS | B22: 20860 | C22: 15000 | E22: BUCARAMANGA_AREA_METR | F22: SEDE EL PRADO | G22: PROGRAMAS INTEGRALES | H22: CPI_02 | I22: REHABILITACION CONTROL | J22: =_xlfn.CONCAT(E22,"-",F22,"-",G22,"-",I22) -> BUCARAMANGA_AREA_METR-SEDE EL PRADO-PROGRAMAS INTEGRALES-REHABILITACION CONTROL | K22: CPI_03 | L22: REHABILITACION CONTROL / PROGRAMAS (1, 2 o 3 Sesiones semana) | M22: 8780.1199
A23: EGRESO CESACIoN TABAQUICA | B23: 5130 | C23: - | E23: BUCARAMANGA_AREA_METR | F23: SEDE FOSUNAB | G23: CLINICA DE ALERGIAS | I23: CONSULTA CONTROL ALERGOLOGIA | J23: =_xlfn.CONCAT(E23,"-",F23,"-",G23,"-",I23) -> BUCARAMANGA_AREA_METR-SEDE FOSUNAB-CLINICA DE ALERGIAS-CONSULTA CONTROL ALERGOLOGIA | K23: CPI_18 | L23: CONSULTA CONTROL ALERGOLOGIA / PROGRAMAS (Segun indicacion medica) | M23: =_xlfn.XLOOKUP(J23,[1]!Tabla1[CONCAT DETALLE],[1]!Tabla1[COSTO ACTUAL]) -> 85060.599
A24: EGRESO PROGRAMAS INTEGRALES | B24: 6429 | C24: - | E24: BUCARAMANGA_AREA_METR | F24: SEDE FOSUNAB | G24: CLINICA DE ALERGIAS | I24: CONSULTA PRIMERA VEZ ALERGOLOGIA | J24: =_xlfn.CONCAT(E24,"-",F24,"-",G24,"-",I24) -> BUCARAMANGA_AREA_METR-SEDE FOSUNAB-CLINICA DE ALERGIAS-CONSULTA PRIMERA VEZ ALERGOLOGIA | K24: CPI_19 | L24: CONSULTA PRIMERA VEZ ALERGOLOGIA / PROGRAMAS | M24: =_xlfn.XLOOKUP(J24,[1]!Tabla1[CONCAT DETALLE],[1]!Tabla1[COSTO ACTUAL]) -> 85060.599
A25: ENFERMERIA CONTROL / PROGRAMAS | B25: 10166 | C25: - | E25: BUCARAMANGA_AREA_METR | F25: SEDE FOSUNAB | G25: CLINICA DE ALERGIAS | I25: Prick Test | J25: =_xlfn.CONCAT(E25,"-",F25,"-",G25,"-",I25) -> BUCARAMANGA_AREA_METR-SEDE FOSUNAB-CLINICA DE ALERGIAS-Prick Test | K25: CPI_20 | L25: Prick Test / PROGRAMAS | M25: =_xlfn.XLOOKUP(J25,[1]!Tabla1[CONCAT DETALLE],[1]!Tabla1[COSTO ACTUAL]) -> 76461.627
A26: ESPIROMETRIA PRE Y POST BRONCODILATADORES / PROGRAMAS | B26: 49381 | C26: 41996 | E26: BUCARAMANGA_AREA_METR | F26: SEDE FOSUNAB | G26: LABORATORIO PULMONAR | H26: CPI_21 | I26: FRACCIóN EXHALADA DE óxido NíTRICO (FeNo) | J26: =_xlfn.CONCAT(E26,"-",F26,"-",G26,"-",I26) -> BUCARAMANGA_AREA_METR-SEDE FOSUNAB-LABORATORIO PULMONAR-FRACCIóN EXHALADA DE óxido NíTRICO (FeNo) | K26: CPI_21 | L26: FRACCIóN EXHALADA DE óxido NíTRICO (FeNo) / PROGRAMAS | M26: =_xlfn.XLOOKUP(J26,[1]!Tabla1[CONCAT DETALLE],[1]!Tabla1[COSTO ACTUAL]) -> 37683.908
A27: FISIOTERAPIA CONTROL / PROGRAMAS | B27: 25943 | C27: - | E27: BUCARAMANGA_AREA_METR | F27: SEDE FOSUNAB | G27: LABORATORIO PULMONAR | H27: CPI_22 | I27: VOLUMENES PULMONARES POR PLETISMOGRAFIA PRE Y POST BRONCODILATADORES | J27: =_xlfn.CONCAT(E27,"-",F27,"-",G27,"-",I27) -> BUCARAMANGA_AREA_METR-SEDE FOSUNAB-LABORATORIO PULMONAR-VOLUMENES PULMONARES POR PLETISMOGRAFIA PRE Y POST BRONCODILATADORES | K27: CPI_22 | L27: VOLUMENES PULMONARES POR PLETISMOGRAFIA PRE Y POST BRONCODILATADORES / PROGRAMAS | M27: =_xlfn.XLOOKUP(J27,[1]!Tabla1[CONCAT DETALLE],[1]!Tabla1[COSTO ACTUAL]) -> 65169.207
A28: FISIOTERAPIA PRIMERA VEZ / PROGRAMAS | B28: 25943 | C28: - | E28: BUCARAMANGA_AREA_METR | F28: SEDE FOSUNAB | G28: LABORATORIO PULMONAR | H28: 893815 | I28: PRUEBA DE BRONCOPROVOCACIÓN ESPECÍFICA (ALERGENO) O INESPECÍFICA | J28: =_xlfn.CONCAT(E28,"-",F28,"-",G28,"-",I28) -> BUCARAMANGA_AREA_METR-SEDE FOSUNAB-LABORATORIO PULMONAR-PRUEBA DE BRONCOPROVOCACIÓN ESPECÍFICA (ALERGENO) O INESPECÍFICA | K28: CPI_23 | L28: TEST DE METACOLINA / PROGRAMAS | M28: =_xlfn.XLOOKUP(J28,[1]!Tabla1[CONCAT DETALLE],[1]!Tabla1[COSTO ACTUAL]) -> 232601.87
A29: FRACCIóN EXHALADA DE óxido NíTRICO (FeNo) / PROGRAMAS | B29: 199445 | C29: 180000 | E29: BUCARAMANGA_AREA_METR | F29: SEDE FOSUNAB | G29: LABORATORIO PULMONAR | H29: CPI_24 | I29: OSCILOMETRIA DE IMPULSO | J29: =_xlfn.CONCAT(E29,"-",F29,"-",G29,"-",I29) -> BUCARAMANGA_AREA_METR-SEDE FOSUNAB-LABORATORIO PULMONAR-OSCILOMETRIA DE IMPULSO | K29: CPI_24 | L29: OSCILOMETRIA DE IMPULSO / PROGRAMAS (Pacientes que no logran realizar espirometria) | M29: =_xlfn.XLOOKUP(J29,[1]!Tabla1[CONCAT DETALLE],[1]!Tabla1[COSTO ACTUAL]) -> 67391.282
A30: INGRESO CESACIoN TABAQUICA | B30: 9241 | C30: - | E30: BUCARAMANGA_AREA_METR | F30: SEDE FOSUNAB | G30: LABORATORIO PULMONAR | H30: CPI_26 | I30: CAPACIDAD DE DIFUSION CON MONOXIDO DE CARBONO | J30: =_xlfn.CONCAT(E30,"-",F30,"-",G30,"-",I30) -> BUCARAMANGA_AREA_METR-SEDE FOSUNAB-LABORATORIO PULMONAR-CAPACIDAD DE DIFUSION CON MONOXIDO DE CARBONO | K30: CPI_26 | L30: CAPACIDAD DE DIFUSION / PROGRAMAS | M30: =_xlfn.XLOOKUP(J30,[1]!Tabla1[CONCAT DETALLE],[1]!Tabla1[COSTO ACTUAL]) -> 68748.387
A31: INGRESO PROGRAMAS INTEGRALES | B31: 6429 | C31: - | E31: BUCARAMANGA_AREA_METR | F31: SEDE EL PRADO | G31: PROGRAMAS INTEGRALES | H31: CPI_04 | I31: CONSULTA PRIMERA VEZ MEDICINA INTERNA | J31: =_xlfn.CONCAT(E31,"-",F31,"-",G31,"-",I31) -> BUCARAMANGA_AREA_METR-SEDE EL PRADO-PROGRAMAS INTEGRALES-CONSULTA PRIMERA VEZ MEDICINA INTERNA | K31: CPI_04 | L31: CONSULTA PRIMERA VEZ MEDICINA INTERNA / PROGRAMAS | M31: =_xlfn.XLOOKUP(J31,[1]!Tabla1[CONCAT DETALLE],[1]!Tabla1[COSTO ACTUAL]) -> 55794.182
A32: NUTRICION CONTROL / PROGRAMAS | B32: 10608 | C32: - | E32: BUCARAMANGA_AREA_METR | F32: SEDE EL PRADO | G32: PROGRAMAS INTEGRALES | H32: CPI_04 | I32: CONSULTA PRIMERA VEZ MEDICINA INTERNA | J32: =_xlfn.CONCAT(E32,"-",F32,"-",G32,"-",I32) -> BUCARAMANGA_AREA_METR-SEDE EL PRADO-PROGRAMAS INTEGRALES-CONSULTA PRIMERA VEZ MEDICINA INTERNA | K32: CPI_04 | L32: CONSULTA PRIMERA VEZ MEDICINA INTERNA / PROGRAMAS | M32: =_xlfn.XLOOKUP(J32,[1]!Tabla1[CONCAT DETALLE],[1]!Tabla1[COSTO ACTUAL]) -> 55794.182
A33: NUTRICION PRIMERA VEZ / PROGRAMAS | B33: 10608 | C33: - | E33: BUCARAMANGA_AREA_METR | F33: SEDE EL PRADO | G33: PROGRAMAS INTEGRALES | H33: CPI_05 | I33: CONSULTA CONTROL MEDICINA INTERNA | J33: =_xlfn.CONCAT(E33,"-",F33,"-",G33,"-",I33) -> BUCARAMANGA_AREA_METR-SEDE EL PRADO-PROGRAMAS INTEGRALES-CONSULTA CONTROL MEDICINA INTERNA | K33: CPI_05 | L33: CONSULTA CONTROL MEDICINA INTERNA / PROGRAMAS (Segun indicacion medica) | M33: =_xlfn.XLOOKUP(J33,[1]!Tabla1[CONCAT DETALLE],[1]!Tabla1[COSTO ACTUAL]) -> 55794.182
A34: OSCILOMETRIA DE IMPULSO / PROGRAMAS | B34: 146900 | C34: 265200 | E34: BUCARAMANGA_AREA_METR | F34: SEDE EL PRADO | G34: PROGRAMAS INTEGRALES | H34: CPI_08 | I34: EGRESO PROGRAMAS INTEGRALES | J34: =_xlfn.CONCAT(E34,"-",F34,"-",G34,"-",I34) -> BUCARAMANGA_AREA_METR-SEDE EL PRADO-PROGRAMAS INTEGRALES-EGRESO PROGRAMAS INTEGRALES | K34: CPI_08 | L34: EGRESO PROGRAMAS INTEGRALES | M34: =_xlfn.XLOOKUP(J34,[1]!Tabla1[CONCAT DETALLE],[1]!Tabla1[COSTO ACTUAL]) -> 12908.292
A35: PARTICIPACIoN JUNTA MEDICA/ PROGRAMAS | B35: 60000 | C35: 320000 | E35: BUCARAMANGA_AREA_METR | F35: SEDE EL PRADO | G35: PROGRAMAS INTEGRALES | H35: CPI_09 | I35: ACTIVIDAD EDUCATIVA | J35: =_xlfn.CONCAT(E35,"-",F35,"-",G35,"-",I35) -> BUCARAMANGA_AREA_METR-SEDE EL PRADO-PROGRAMAS INTEGRALES-ACTIVIDAD EDUCATIVA | K35: CPI_09 | L35: ACTIVIDAD EDUCATIVA / PROGRAMAS | M35: =_xlfn.XLOOKUP(J35,[1]!Tabla1[CONCAT DETALLE],[1]!Tabla1[COSTO ACTUAL]) -> 12743.422
A36: Prick Test / PROGRAMAS | B36: 130685 | C36: 195000 | E36: BUCARAMANGA_AREA_METR | F36: SEDE CABECERA | G36: TERAPIA RESPIRATORIA | H36: CPI_32 | I36: PRIMERA VEZ TERAPIA RESPIRATORIA2 | J36: =_xlfn.CONCAT(E36,"-",F36,"-",G36,"-",I36) -> BUCARAMANGA_AREA_METR-SEDE CABECERA-TERAPIA RESPIRATORIA-PRIMERA VEZ TERAPIA RESPIRATORIA2 | K36: CPI_32 | L36: PRIMERA VEZ TERAPIA RESPIRATORIA/ PROGRAMAS (Segun indicacion medica) | M36: =_xlfn.XLOOKUP(J36,[1]!Tabla1[CONCAT DETALLE],[1]!Tabla1[COSTO ACTUAL]) -> 31714.221
A37: PRIMERA VEZ TERAPIA RESPIRATORIA/ PROGRAMAS | B37: 20860 | C37: 15000 | E37: BUCARAMANGA_AREA_METR | F37: SEDE CABECERA | G37: TERAPIA RESPIRATORIA | H37: CPI_34 | I37: CIERRE TERAPIA RESPIRATORIA2 | J37: =_xlfn.CONCAT(E37,"-",F37,"-",G37,"-",I37) -> BUCARAMANGA_AREA_METR-SEDE CABECERA-TERAPIA RESPIRATORIA-CIERRE TERAPIA RESPIRATORIA2 | K37: CPI_33 | L37: CONTROL TERAPIA RESPIRATORIA/ PROGRAMAS (Segun indicacion medica) | M37: =_xlfn.XLOOKUP(J37,[1]!Tabla1[CONCAT DETALLE],[1]!Tabla1[COSTO ACTUAL]) -> 31714.221
A38: TRABAJO SOCIAL PRIMERA VEZ/PROGRAMAS | B38: 10166 | C38: - | E38: BUCARAMANGA_AREA_METR | F38: SEDE EL PRADO | G38: PROGRAMAS INTEGRALES | H38: CPI_09 | I38: ACTIVIDAD EDUCATIVA | J38: =_xlfn.CONCAT(E38,"-",F38,"-",G38,"-",I38) -> BUCARAMANGA_AREA_METR-SEDE EL PRADO-PROGRAMAS INTEGRALES-ACTIVIDAD EDUCATIVA | K38: CPI_09 | L38: ACTIVIDAD EDUCATIVA / PROGRAMAS (Grupo de apoyo semanal) | M38: =_xlfn.XLOOKUP(J38,[1]!Tabla1[CONCAT DETALLE],[1]!Tabla1[COSTO ACTUAL]) -> 12743.422
A39: TRABAJO SOCIAL CONTROL/PROGRAMAS | B39: 10166 | C39: - | E39: BUCARAMANGA_AREA_METR | F39: SEDE EL PRADO | G39: PROGRAMAS INTEGRALES | H39: CPI_10 | I39: CONTACTO DE SEGUIMIENTO Y/O TELEFONICO | J39: =_xlfn.CONCAT(E39,"-",F39,"-",G39,"-",I39) -> BUCARAMANGA_AREA_METR-SEDE EL PRADO-PROGRAMAS INTEGRALES-CONTACTO DE SEGUIMIENTO Y/O TELEFONICO | K39: CPI_10 | L39: CONTACTO DE SEGUIMIENTO Y/O TELEFONICO / PROGRAMAS | M39: =_xlfn.XLOOKUP(J39,[1]!Tabla1[CONCAT DETALLE],[1]!Tabla1[COSTO ACTUAL]) -> 15634.853
A40: INTERVENCIoN DOMICILIARIA TRABAJO SOCIAL/PROGRAMAS | B40: 10166 | C40: - | E40: BUCARAMANGA_AREA_METR | F40: SEDE FOSUNAB | G40: PROGRAMAS INTEGRALES | H40: CPI_16 | I40: CONSULTA PRIMERA VEZ CARDIOLOGIA | J40: =_xlfn.CONCAT(E40,"-",F40,"-",G40,"-",I40) -> BUCARAMANGA_AREA_METR-SEDE FOSUNAB-PROGRAMAS INTEGRALES-CONSULTA PRIMERA VEZ CARDIOLOGIA | K40: CPI_16 | L40: CONSULTA PRIMERA VEZ CARDIOLOGIA / PROGRAMAS | M40: =_xlfn.XLOOKUP(J40,[1]!Tabla1[CONCAT DETALLE],[1]!Tabla1[COSTO ACTUAL]) -> 58766.154
A41: DEPORTOLOGIA PRIMERA VEZ/PROGRAMAS | B41: 47620 | C41: - | E41: BUCARAMANGA_AREA_METR | F41: SEDE FOSUNAB | G41: PROGRAMAS INTEGRALES | H41: CPI_17 | I41: CONSULTA CONTROL CARDIOLOGIA | J41: =_xlfn.CONCAT(E41,"-",F41,"-",G41,"-",I41) -> BUCARAMANGA_AREA_METR-SEDE FOSUNAB-PROGRAMAS INTEGRALES-CONSULTA CONTROL CARDIOLOGIA | K41: CPI_17 | L41: CONSULTA CONTROL CARDIOLOGIA / PROGRAMAS (Segun indicacion medica) | M41: =_xlfn.XLOOKUP(J41,[1]!Tabla1[CONCAT DETALLE],[1]!Tabla1[COSTO ACTUAL]) -> 58766.154
A42: DEPORTOLOGIA CONTROL/PROGRAMAS | B42: 47620 | C42: - | E42: BUCARAMANGA_AREA_METR | F42: SEDE FOSUNAB | G42: PROGRAMAS INTEGRALES | H42: CPI_28 | I42: CAMINATA 6 MINUTOS | J42: =_xlfn.CONCAT(E42,"-",F42,"-",G42,"-",I42) -> BUCARAMANGA_AREA_METR-SEDE FOSUNAB-PROGRAMAS INTEGRALES-CAMINATA 6 MINUTOS | K42: CPI_28 | L42: CAMINATA 6 MINUTOS / PROGRAMAS | M42: =_xlfn.XLOOKUP(J42,[1]!Tabla1[CONCAT DETALLE],[1]!Tabla1[COSTO ACTUAL]) -> 19392.627
A43: PSICOLOGIA CONTROL / PROGRAMAS | B43: 10166 | C43: - | E43: BUCARAMANGA_AREA_METR | F43: SEDE FOSUNAB | G43: PROGRAMAS INTEGRALES | H43: CPI_28 | I43: CAMINATA 6 MINUTOS | J43: =_xlfn.CONCAT(E43,"-",F43,"-",G43,"-",I43) -> BUCARAMANGA_AREA_METR-SEDE FOSUNAB-PROGRAMAS INTEGRALES-CAMINATA 6 MINUTOS | K43: CPI_28 | L43: CAMINATA 6 MINUTOS / PROGRAMAS (Segun condicion de salud) | M43: =_xlfn.XLOOKUP(J43,[1]!Tabla1[CONCAT DETALLE],[1]!Tabla1[COSTO ACTUAL]) -> 19392.627
A44: PSICOLOGIA PRIMERA VEZ / PROGRAMAS | B44: 10166 | C44: - | E44: BUCARAMANGA_AREA_METR | F44: SEDE EL PRADO | G44: PROGRAMAS INTEGRALES | H44: CPI_31 | I44: REHABILITACIÓN EGRESO | J44: =_xlfn.CONCAT(E44,"-",F44,"-",G44,"-",I44) -> BUCARAMANGA_AREA_METR-SEDE EL PRADO-PROGRAMAS INTEGRALES-REHABILITACIÓN EGRESO | K44: CPI_31 | L44: REHABILITACIoN EGRESO / PROGRAMAS | M44: =_xlfn.XLOOKUP(J44,[1]!Tabla1[CONCAT DETALLE],[1]!Tabla1[COSTO ACTUAL]) -> 31881.452
A45: REHABILITACION CONTROL / PROGRAMAS | B45: 6429 | C45: - | E45: BUCARAMANGA_AREA_METR | F45: SEDE FOSUNAB | G45: PROGRAMAS INTEGRALES | H45: CPI_72 | I45: CONSULTA ESPECIALIZADA PRIMERA VEZ REHABILITACIÓN | J45: =_xlfn.CONCAT(E45,"-",F45,"-",G45,"-",I45) -> BUCARAMANGA_AREA_METR-SEDE FOSUNAB-PROGRAMAS INTEGRALES-CONSULTA ESPECIALIZADA PRIMERA VEZ REHABILITACIÓN | K45: CPI_72 | L45: CONSULTA ESPECIALIZADA PRIMERA VEZ REHABILITACIoN/PROGRAMAS | M45: =_xlfn.XLOOKUP(J45,[1]!Tabla1[CONCAT DETALLE],[1]!Tabla1[COSTO ACTUAL]) -> 26897.08
A46: REHABILITACIoN EGRESO / PROGRAMAS | B46: 25943 | C46: - | E46: BUCARAMANGA_AREA_METR | F46: SEDE FOSUNAB | G46: PROGRAMAS INTEGRALES | H46: CPI_72 | I46: CONSULTA ESPECIALIZADA PRIMERA VEZ REHABILITACIÓN | J46: =_xlfn.CONCAT(E46,"-",F46,"-",G46,"-",I46) -> BUCARAMANGA_AREA_METR-SEDE FOSUNAB-PROGRAMAS INTEGRALES-CONSULTA ESPECIALIZADA PRIMERA VEZ REHABILITACIÓN | K46: CPI_72 | L46: CONSULTA ESPECIALIZADA PRIMERA VEZ REHABILITACIoN/PROGRAMAS | M46: =_xlfn.XLOOKUP(J46,[1]!Tabla1[CONCAT DETALLE],[1]!Tabla1[COSTO ACTUAL]) -> 26897.08
A47: REHABILITACION INGRESO / PROGRAMAS | B47: 25943 | C47: - | E47: BUCARAMANGA_AREA_METR | F47: SEDE FOSUNAB | G47: PROGRAMAS INTEGRALES | H47: CPI_73 | I47: CONSULTA ESPECIALIZADA CONTROL REHABILITACIÓN | J47: =_xlfn.CONCAT(E47,"-",F47,"-",G47,"-",I47) -> BUCARAMANGA_AREA_METR-SEDE FOSUNAB-PROGRAMAS INTEGRALES-CONSULTA ESPECIALIZADA CONTROL REHABILITACIÓN | K47: CPI_73 | L47: CONSULTA ESPECIALIZADA CONTROL REHABILITACIoN/PROGRAMAS | M47: =_xlfn.XLOOKUP(J47,[1]!Tabla1[CONCAT DETALLE],[1]!Tabla1[COSTO ACTUAL]) -> 26897.08
A48: VOLUMENES PULMONARES POR PLETISMOGRAFIA PRE Y POST BRONCODILATADORES / PROGRAMAS | B48: 52771 | C48: 84509 | E48: BUCARAMANGA_AREA_METR | F48: SEDE FOSUNAB | G48: PROGRAMAS INTEGRALES | H48: CPI_73 | I48: CONSULTA ESPECIALIZADA CONTROL REHABILITACIÓN | J48: =_xlfn.CONCAT(E48,"-",F48,"-",G48,"-",I48) -> BUCARAMANGA_AREA_METR-SEDE FOSUNAB-PROGRAMAS INTEGRALES-CONSULTA ESPECIALIZADA CONTROL REHABILITACIÓN | K48: CPI_73 | L48: CONSULTA ESPECIALIZADA CONTROL REHABILITACIoN/PROGRAMAS (Segun indicacion medica) | M48: =_xlfn.XLOOKUP(J48,[1]!Tabla1[CONCAT DETALLE],[1]!Tabla1[COSTO ACTUAL]) -> 26897.08
A49: PRUEBA DE BRONCOMOTRICIDAD CON EJERCICIO / PROGRAMAS | B49: 49537 | C49: 109283 | E49: BUCARAMANGA_AREA_METR | F49: SEDE FOSUNAB | G49: PROGRAMAS INTEGRALES | H49: CPI_73 | I49: CONSULTA ESPECIALIZADA CONTROL REHABILITACIÓN | J49: =_xlfn.CONCAT(E49,"-",F49,"-",G49,"-",I49) -> BUCARAMANGA_AREA_METR-SEDE FOSUNAB-PROGRAMAS INTEGRALES-CONSULTA ESPECIALIZADA CONTROL REHABILITACIÓN | K49: CPI_73 | L49: CONSULTA ESPECIALIZADA CONTROL REHABILITACIoN/PROGRAMAS (Segun indicacion medica) | M49: =_xlfn.XLOOKUP(J49,[1]!Tabla1[CONCAT DETALLE],[1]!Tabla1[COSTO ACTUAL]) -> 26897.08
E50: BUCARAMANGA_AREA_METR | F50: SEDE EL PRADO | G50: PROGRAMAS INTEGRALES | H50: CPI_82 | I50: FISIOTERAPIA CONTROL | J50: =_xlfn.CONCAT(E50,"-",F50,"-",G50,"-",I50) -> BUCARAMANGA_AREA_METR-SEDE EL PRADO-PROGRAMAS INTEGRALES-FISIOTERAPIA CONTROL | K50: CPI_82 | L50: FISIOTERAPIA CONTROL / PROGRAMAS | M50: =_xlfn.XLOOKUP(J50,[1]!Tabla1[CONCAT DETALLE],[1]!Tabla1[COSTO ACTUAL]) -> 21014.397
E51: BUCARAMANGA_AREA_METR | F51: SEDE EL PRADO | G51: PROGRAMAS INTEGRALES | H51: CPI_83 | I51: TRABAJO SOCIAL PRIMERA VEZ | J51: =_xlfn.CONCAT(E51,"-",F51,"-",G51,"-",I51) -> BUCARAMANGA_AREA_METR-SEDE EL PRADO-PROGRAMAS INTEGRALES-TRABAJO SOCIAL PRIMERA VEZ | K51: CPI_83 | L51: TRABAJO SOCIAL PRIMERA VEZ/PROGRAMAS | M51: =_xlfn.XLOOKUP(J51,[1]!Tabla1[CONCAT DETALLE],[1]!Tabla1[COSTO ACTUAL]) -> 17887.389
E52: BUCARAMANGA_AREA_METR | F52: SEDE EL PRADO | G52: PROGRAMAS INTEGRALES | H52: CPI_83 | I52: TRABAJO SOCIAL PRIMERA VEZ | J52: =_xlfn.CONCAT(E52,"-",F52,"-",G52,"-",I52) -> BUCARAMANGA_AREA_METR-SEDE EL PRADO-PROGRAMAS INTEGRALES-TRABAJO SOCIAL PRIMERA VEZ | K52: CPI_85 | L52: INTERVENCIoN DOMICILIARIA TRABAJO SOCIAL/PROGRAMAS (Segun indicacion medica) | M52: =_xlfn.XLOOKUP(J52,[1]!Tabla1[CONCAT DETALLE],[1]!Tabla1[COSTO ACTUAL]) -> 17887.389
E53: BUCARAMANGA_AREA_METR | F53: SEDE EL PRADO | G53: PROGRAMAS INTEGRALES | H53: CPI_84 | I53: TRABAJO SOCIAL CONTROL | J53: =_xlfn.CONCAT(E53,"-",F53,"-",G53,"-",I53) -> BUCARAMANGA_AREA_METR-SEDE EL PRADO-PROGRAMAS INTEGRALES-TRABAJO SOCIAL CONTROL | K53: CPI_84 | L53: TRABAJO SOCIAL CONTROL/PROGRAMAS | M53: =_xlfn.XLOOKUP(J53,[1]!Tabla1[CONCAT DETALLE],[1]!Tabla1[COSTO ACTUAL]) -> 17887.389
E54: BUCARAMANGA_AREA_METR | F54: SEDE FOSUNAB | G54: PROGRAMAS INTEGRALES | H54: CPI_86 | I54: DEPORTOLOGIA PRIMERA VEZ | J54: =_xlfn.CONCAT(E54,"-",F54,"-",G54,"-",I54) -> BUCARAMANGA_AREA_METR-SEDE FOSUNAB-PROGRAMAS INTEGRALES-DEPORTOLOGIA PRIMERA VEZ | K54: CPI_86 | L54: DEPORTOLOGIA PRIMERA VEZ/PROGRAMAS (solo si se requiere) | M54: =_xlfn.XLOOKUP(J54,[1]!Tabla1[CONCAT DETALLE],[1]!Tabla1[COSTO ACTUAL]) -> 60236.093
E55: BUCARAMANGA_AREA_METR | F55: SEDE FOSUNAB | G55: PROGRAMAS INTEGRALES | H55: CPI_87 | I55: DEPORTOLOGIA CONTROL | J55: =_xlfn.CONCAT(E55,"-",F55,"-",G55,"-",I55) -> BUCARAMANGA_AREA_METR-SEDE FOSUNAB-PROGRAMAS INTEGRALES-DEPORTOLOGIA CONTROL | K55: CPI_87 | L55: DEPORTOLOGIA CONTROL/PROGRAMAS (solo si se requiere) | M55: =_xlfn.XLOOKUP(J55,[1]!Tabla1[CONCAT DETALLE],[1]!Tabla1[COSTO ACTUAL]) -> 62748.232
E56: BUCARAMANGA_AREA_METR | F56: SEDE FOSUNAB | G56: PROGRAMAS INTEGRALES | H56: CPI_88 | I56: DEPORTOLOGIA EGRESO | J56: =_xlfn.CONCAT(E56,"-",F56,"-",G56,"-",I56) -> BUCARAMANGA_AREA_METR-SEDE FOSUNAB-PROGRAMAS INTEGRALES-DEPORTOLOGIA EGRESO | K56: CPI_88 | L56: DEPORTOLOGIA EGRESO/PROGRAMAS (solo si se requiere) | M56: =_xlfn.XLOOKUP(J56,[1]!Tabla1[CONCAT DETALLE],[1]!Tabla1[COSTO ACTUAL]) -> 62748.232
E57: BUCARAMANGA_AREA_METR | F57: SEDE EL PRADO | G57: PROGRAMAS INTEGRALES | H57: INO007 | I57: INGRESO CESACIÓN TABAQUICA | J57: =_xlfn.CONCAT(E57,"-",F57,"-",G57,"-",I57) -> BUCARAMANGA_AREA_METR-SEDE EL PRADO-PROGRAMAS INTEGRALES-INGRESO CESACIÓN TABAQUICA | K57: INO007 | L57: INGRESO CESACIoN TABAQUICA | M57: =_xlfn.XLOOKUP(J57,[1]!Tabla1[CONCAT DETALLE],[1]!Tabla1[COSTO ACTUAL]) -> 32019.452
E58: BUCARAMANGA_AREA_METR | F58: SEDE EL PRADO | G58: PROGRAMAS INTEGRALES | H58: INO031 | I58: CONSULTA PRIORITARIA MEDICINA INTERNA - PROGRAMAS | J58: =_xlfn.CONCAT(E58,"-",F58,"-",G58,"-",I58) -> BUCARAMANGA_AREA_METR-SEDE EL PRADO-PROGRAMAS INTEGRALES-CONSULTA PRIORITARIA MEDICINA INTERNA - PROGRAMAS | K58: CPI_06 | L58: CONSULTA PRIORITARIA/ PROGRAMAS (Todas las que requiera el paciente) | M58: =_xlfn.XLOOKUP(J58,[1]!Tabla1[CONCAT DETALLE],[1]!Tabla1[COSTO ACTUAL]) -> 56420.693
E59: BUCARAMANGA_AREA_METR | F59: SEDE EL PRADO | G59: PROGRAMAS INTEGRALES | I59: PARTICIPACIÓN JUNTA MEDICA2 | J59: =_xlfn.CONCAT(E59,"-",F59,"-",G59,"-",I59) -> BUCARAMANGA_AREA_METR-SEDE EL PRADO-PROGRAMAS INTEGRALES-PARTICIPACIÓN JUNTA MEDICA2 | K59: CPI_30 | L59: PARTICIPACIoN JUNTA MEDICA/ PROGRAMAS | M59: =_xlfn.XLOOKUP(J59,[1]!Tabla1[CONCAT DETALLE],[1]!Tabla1[COSTO ACTUAL]) -> 145259.19
E60: BUCARAMANGA_AREA_METR | F60: SEDE EL PRADO | G60: PROGRAMAS INTEGRALES | I60: PARTICIPACIÓN JUNTA MEDICA2 | J60: =_xlfn.CONCAT(E60,"-",F60,"-",G60,"-",I60) -> BUCARAMANGA_AREA_METR-SEDE EL PRADO-PROGRAMAS INTEGRALES-PARTICIPACIÓN JUNTA MEDICA2 | K60: CPI_30 | L60: PARTICIPACIoN JUNTA MEDICA/ PROGRAMAS (Segun indicacion medica) | M60: =_xlfn.XLOOKUP(J60,[1]!Tabla1[CONCAT DETALLE],[1]!Tabla1[COSTO ACTUAL]) -> 145259.19
E61: BUCARAMANGA_AREA_METR | F61: SEDE EL PRADO | G61: PROGRAMAS INTEGRALES | I61: CONTROL CESACIÓN TABAQUICA2 | J61: =_xlfn.CONCAT(E61,"-",F61,"-",G61,"-",I61) -> BUCARAMANGA_AREA_METR-SEDE EL PRADO-PROGRAMAS INTEGRALES-CONTROL CESACIÓN TABAQUICA2 | K61: CPI_68 | L61: CONTROL CESACIoN TABAQUICA/ PROGRAMAS (1 sesion semana) | M61: =_xlfn.XLOOKUP(J61,[1]!Tabla1[CONCAT DETALLE],[1]!Tabla1[COSTO ACTUAL]) -> 20552.756
E62: BUCARAMANGA_AREA_METR | F62: SEDE EL PRADO | G62: PROGRAMAS INTEGRALES | I62: EGRESO CESACIÓN TABAQUICA | J62: =_xlfn.CONCAT(E62,"-",F62,"-",G62,"-",I62) -> BUCARAMANGA_AREA_METR-SEDE EL PRADO-PROGRAMAS INTEGRALES-EGRESO CESACIÓN TABAQUICA | K62: CPI_71 | L62: EGRESO CESACIoN TABAQUICA | M62: =_xlfn.XLOOKUP(J62,[1]!Tabla1[CONCAT DETALLE],[1]!Tabla1[COSTO ACTUAL]) -> 12908.292
E63: BUCARAMANGA_AREA_METR | F63: SEDE FOSUNAB | G63: LABORATORIO PULMONAR | I63: PRUEBA DE BRONCOPROVOCACIÓN ESPECÍFICA (ALERGENO) O INESPECÍFICA | J63: =_xlfn.CONCAT(E63,"-",F63,"-",G63,"-",I63) -> BUCARAMANGA_AREA_METR-SEDE FOSUNAB-LABORATORIO PULMONAR-PRUEBA DE BRONCOPROVOCACIÓN ESPECÍFICA (ALERGENO) O INESPECÍFICA | L63: PRUEBA DE BRONCOPROVOCACIÓN ESPECÍFICA (ALERGENO) O INESPECÍFICA | M63: =_xlfn.XLOOKUP(J63,[1]!Tabla1[CONCAT DETALLE],[1]!Tabla1[COSTO ACTUAL]) -> 232601.87

Sheet BASE12MESES
A1: Servicios del Programa: | B1: Programa Rehabilitacion Pulmonar / Asma | C1: CATEGORIA | D1: MES 1 | E1: COSTO | F1: MES 2 | G1: COSTO2 | H1: MES 3 | I1: COSTO3 | J1: MES 4 | K1: COSTO4 | L1: MES 5 | M1: COSTO5 | N1: MES 6 | O1: COSTO6 | P1: MES 7 | Q1: COSTO7 | R1: MES 8 | S1: COSTO8 | T1: MES 9 | U1: COSTO9 | V1: MES 10 | W1: COSTO10 | X1: MES 11 | Y1: COSTO11 | Z1: MES 12 | AA1: COSTO12 | AB1: TOTAL | AC1: TOTAL SERVICIOS | AD1: Modalidad | AE1: % de las personas que lo usaron | AF1: VALOR COSTO | AG1: RUTA | AH1: DURACION
A2: CPI_01 | B2: INGRESO PROGRAMAS INTEGRALES | C2: Gestion y seguimiento | D2: 1 | E2: 20552.756 | G2: 0 | I2: 0 | K2: 0 | M2: 0 | O2: 0 | Q2: 0 | S2: 0 | U2: 0 | W2: 0 | Y2: 0 | AA2: 0 | AB2: 20552.756 | AC2: 1 | AD2: FIJO | AE2: 1 | AF2: 20552.756 | AG2: ASMA | AH2: 12
A3: CPI_83 | B3: TRABAJO SOCIAL PRIMERA VEZ/PROGRAMAS | C3: Consultas | D3: 1 | E3: 17887.389 | G3: 0 | I3: 0 | K3: 0 | M3: 0 | O3: 0 | Q3: 0 | S3: 0 | U3: 0 | W3: 0 | Y3: 0 | AA3: 0 | AB3: 17887.389 | AC3: 1 | AD3: FIJO | AE3: 1 | AF3: 17887.389 | AG3: ASMA | AH3: 12
A4: CPI_84 | B4: TRABAJO SOCIAL CONTROL/PROGRAMAS | C4: Consultas | E4: 0 | G4: 0 | I4: 0 | K4: 0 | M4: 0 | O4: 0 | Q4: 0 | S4: 0 | U4: 0 | W4: 0 | Y4: 0 | Z4: 1 | AA4: 17887.389 | AB4: 17887.389 | AC4: 1 | AD4: FIJO | AE4: 1 | AF4: 17887.389 | AG4: ASMA | AH4: 12
A5: CPI_85 | B5: INTERVENCIoN DOMICILIARIA TRABAJO SOCIAL/PROGRAMAS (Segun indicacion medica) | C5: Gestion y seguimiento | E5: 0 | G5: 0 | H5: 1 | I5: 17887.389 | K5: 0 | M5: 0 | O5: 0 | Q5: 0 | S5: 0 | U5: 0 | W5: 0 | Y5: 0 | AA5: 0 | AB5: 17887.389 | AC5: 1 | AD5: FIJO | AE5: 1 | AF5: 17887.389 | AG5: ASMA | AH5: 12
A6: CPI_10 | B6: CONTACTO DE SEGUIMIENTO Y/O TELEFONICO / PROGRAMAS | C6: Gestion y seguimiento | D6: 1 | E6: 15634.853 | F6: 1 | G6: 15634.853 | H6: 1 | I6: 15634.853 | K6: 0 | M6: 0 | N6: 1 | O6: 15634.853 | Q6: 0 | S6: 0 | T6: 1 | U6: 15634.853 | W6: 0 | Y6: 0 | Z6: 1 | AA6: 15634.853 | AB6: 93809.118 | AC6: 6 | AD6: FIJO | AE6: 1 | AF6: 93809.118 | AG6: ASMA | AH6: 12
A7: CPI_09 | B7: ACTIVIDAD EDUCATIVA / PROGRAMAS | C7: Educacion | D7: 1 | E7: 12743.422 | F7: 1 | G7: 12743.422 | H7: 1 | I7: 12743.422 | J7: 1 | K7: 12743.422 | L7: 1 | M7: 12743.422 | N7: 1 | O7: 12743.422 | P7: 1 | Q7: 12743.422 | R7: 1 | S7: 12743.422 | T7: 1 | U7: 12743.422 | V7: 1 | W7: 12743.422 | X7: 1 | Y7: 12743.422 | Z7: 1 | AA7: 12743.422 | AB7: 152921.06 | AC7: 12 | AD7: FIJO | AE7: 1 | AF7: 152921.06 | AG7: ASMA | AH7: 12
A8: CPI_74 | B8: NUTRICION PRIMERA VEZ / PROGRAMAS | C8: Consultas | D8: 1 | E8: 20406.133 | G8: 0 | I8: 0 | K8: 0 | M8: 0 | O8: 0 | Q8: 0 | S8: 0 | U8: 0 | W8: 0 | Y8: 0 | AA8: 0 | AB8: 20406.133 | AC8: 1 | AD8: FIJO | AE8: 1 | AF8: 20406.133 | AG8: ASMA | AH8: 12
A9: CPI_76 | B9: PSICOLOGIA PRIMERA VEZ / PROGRAMAS | C9: Consultas | D9: 1 | E9: 18768.368 | G9: 0 | I9: 0 | K9: 0 | M9: 0 | O9: 0 | Q9: 0 | S9: 0 | U9: 0 | W9: 0 | Y9: 0 | AA9: 0 | AB9: 18768.368 | AC9: 1 | AD9: FIJO | AE9: 1 | AF9: 18768.368 | AG9: ASMA | AH9: 12
A10: CPI_81 | B10: FISIOTERAPIA PRIMERA VEZ / PROGRAMAS | C10: Consultas | E10: 0 | G10: 0 | H10: 1 | I10: 19368.009 | K10: 0 | M10: 0 | O10: 0 | Q10: 0 | S10: 0 | U10: 0 | W10: 0 | Y10: 0 | AA10: 0 | AB10: 19368.009 | AC10: 1 | AD10: FIJO | AE10: 1 | AF10: 19368.009 | AG10: ASMA | AH10: 12
A11: CPI_03 | B11: REHABILITACION CONTROL / PROGRAMAS (1, 2 o 3 Sesiones semana) | C11: Terapias | E11: 0 | G11: 0 | H11: 8 | I11: 70240.959 | J11: 8 | K11: 70240.959 | L11: 8 | M11: 70240.959 | N11: 8 | O11: 70240.959 | P11: 8 | Q11: 70240.959 | R11: 8 | S11: 70240.959 | T11: 8 | U11: 70240.959 | V11: 8 | W11: 70240.959 | X11: 8 | Y11: 70240.959 | Z11: 8 | AA11: 70240.959 | AB11: 702409.59 | AC11: 80 | AD11: FIJO | AE11: 1 | AF11: 702409.59 | AG11: ASMA | AH11: 12
A12: CPI_75 | B12: NUTRICION CONTROL / PROGRAMAS | C12: Consultas | E12: 0 | G12: 0 | I12: 0 | K12: 0 | M12: 0 | O12: 0 | Q12: 0 | S12: 0 | U12: 0 | W12: 0 | Y12: 0 | Z12: 1 | AA12: 22052.521 | AB12: 22052.521 | AC12: 1 | AD12: FIJO | AE12: 1 | AF12: 22052.521 | AG12: ASMA | AH12: 12
A13: CPI_77 | B13: PSICOLOGIA CONTROL / PROGRAMAS | C13: Consultas | E13: 0 | G13: 0 | I13: 0 | K13: 0 | M13: 0 | O13: 0 | Q13: 0 | S13: 0 | U13: 0 | W13: 0 | Y13: 0 | Z13: 1 | AA13: 20414.756 | AB13: 20414.756 | AC13: 1 | AD13: FIJO | AE13: 1 | AF13: 20414.756 | AG13: ASMA | AH13: 12
A14: CPI_15 | B14: ESPIROMETRIA PRE Y POST BRONCODILATADORES / PROGRAMAS | C14: Diagnosticos | D14: 1 | E14: 43480.817 | G14: 0 | I14: 0 | K14: 0 | M14: 0 | O14: 0 | Q14: 0 | S14: 0 | U14: 0 | W14: 0 | Y14: 0 | Z14: 1 | AA14: 43480.817 | AB14: 86961.634 | AC14: 2 | AD14: FIJO | AE14: 1 | AF14: 86961.634 | AG14: ASMA | AH14: 12
A15: CPI_28 | B15: CAMINATA 6 MINUTOS / PROGRAMAS | C15: Diagnosticos | E15: 0 | G15: 0 | H15: 1 | I15: 19392.627 | K15: 0 | M15: 0 | O15: 0 | Q15: 0 | S15: 0 | U15: 0 | W15: 0 | Y15: 0 | Z15: 1 | AA15: 19392.627 | AB15: 38785.254 | AC15: 2 | AD15: FIJO | AE15: 1 | AF15: 38785.254 | AG15: ASMA | AH15: 12
A16: CPI_21 | B16: FRACCIóN EXHALADA DE óxido NíTRICO (FeNo) / PROGRAMAS | C16: Diagnosticos | D16: 1 | E16: 37683.908 | G16: 0 | I16: 0 | K16: 0 | M16: 0 | O16: 0 | Q16: 0 | S16: 0 | U16: 0 | W16: 0 | Y16: 0 | AA16: 0 | AB16: 37683.908 | AC16: 1 | AD16: PROBABILISTICO | AE16: 0.13116124 | AF16: 4942.668 | AG16: ASMA | AH16: 12
A17: CPI_22 | B17: VOLUMENES PULMONARES POR PLETISMOGRAFIA PRE Y POST BRONCODILATADORES / PROGRAMAS | C17: Diagnosticos | D17: 1 | E17: 65169.207 | G17: 0 | I17: 0 | K17: 0 | M17: 0 | O17: 0 | Q17: 0 | S17: 0 | U17: 0 | W17: 0 | Y17: 0 | AA17: 0 | AB17: 65169.207 | AC17: 1 | AD17: PROBABILISTICO | AE17: 0.020885547 | AF17: 1361.0946 | AG17: ASMA | AH17: 12
A18: CPI_26 | B18: CAPACIDAD DE DIFUSION / PROGRAMAS | C18: Diagnosticos | D18: 1 | E18: 68748.387 | G18: 0 | I18: 0 | K18: 0 | M18: 0 | O18: 0 | Q18: 0 | S18: 0 | U18: 0 | W18: 0 | Y18: 0 | AA18: 0 | AB18: 68748.387 | AC18: 1 | AD18: PROBABILISTICO | AE18: 0.015037594 | AF18: 1033.8103 | AG18: ASMA | AH18: 12
A19: CPI_18 | B19: CONSULTA CONTROL ALERGOLOGIA / PROGRAMAS (Segun indicacion medica) | C19: Consultas | D19: 1 | E19: 85060.599 | G19: 0 | I19: 0 | K19: 0 | M19: 0 | O19: 0 | Q19: 0 | S19: 0 | U19: 0 | W19: 0 | Y19: 0 | AA19: 0 | AB19: 85060.599 | AC19: 1 | AD19: PROBABILISTICO | AE19: 0.29741019 | AF19: 25297.889 | AG19: ASMA | AH19: 12
A20: CPI_20 | B20: Prick Test / PROGRAMAS | C20: Diagnosticos | D20: 1 | E20: 76461.627 | G20: 0 | I20: 0 | K20: 0 | M20: 0 | O20: 0 | Q20: 0 | S20: 0 | U20: 0 | W20: 0 | Y20: 0 | AA20: 0 | AB20: 76461.627 | AC20: 1 | AD20: FIJO | AE20: 1 | AF20: 76461.627 | AG20: ASMA | AH20: 12
A21: CPI_13 | B21: CONSULTA PRIMERA VEZ NEUMOLOGIA PEDIATRICA / PROGRAMAS | C21: Consultas | D21: 1 | E21: 83398.099 | G21: 0 | I21: 0 | K21: 0 | M21: 0 | O21: 0 | Q21: 0 | S21: 0 | U21: 0 | W21: 0 | Y21: 0 | AA21: 0 | AB21: 83398.099 | AC21: 1 | AD21: PROBABILISTICO | AE21: 0.021720969 | AF21: 1811.4875 | AG21: ASMA | AH21: 12
A22: CPI_14 | B22: CONSULTA CONTROL NEUMOLOGIA PEDIATRICA / PROGRAMAS (Segun indicacion medica) | C22: Consultas | E22: 0 | G22: 0 | I22: 0 | K22: 0 | M22: 0 | O22: 0 | Q22: 0 | S22: 0 | U22: 0 | W22: 0 | Y22: 0 | Z22: 1 | AA22: 77398.099 | AB22: 77398.099 | AC22: 1 | AD22: PROBABILISTICO | AE22: 0.71345029 | AF22: 55219.696 | AG22: ASMA | AH22: 12
A23: CPI_12 | B23: CONSULTA CONTROL NEUMOLOGIA ADULTO / PROGRAMAS (Segun indicacion medica) | C23: Consultas | E23: 0 | G23: 0 | I23: 0 | K23: 0 | M23: 0 | N23: 1 | O23: 67398.099 | Q23: 0 | S23: 0 | U23: 0 | W23: 0 | Y23: 0 | Z23: 1 | AA23: 67398.099 | AB23: 134796.2 | AC23: 2 | AD23: FIJO | AE23: 1 | AF23: 134796.2 | AG23: ASMA | AH23: 12
A24: CPI_11 | B24: CONSULTA PRIMERA VEZ NEUMOLOGIA ADULTO / PROGRAMAS | C24: Consultas | D24: 1 | E24: 67398.099 | G24: 0 | I24: 0 | K24: 0 | M24: 0 | O24: 0 | Q24: 0 | S24: 0 | U24: 0 | W24: 0 | Y24: 0 | AA24: 0 | AB24: 67398.099 | AC24: 1 | AD24: FIJO | AE24: 1 | AF24: 67398.099 | AG24: ASMA | AH24: 12
A25: CPI_80 | B25: ENFERMERIA CONTROL / PROGRAMAS | C25: Consultas | E25: 0 | G25: 0 | I25: 0 | K25: 0 | M25: 0 | O25: 0 | Q25: 0 | S25: 0 | U25: 0 | W25: 0 | Y25: 0 | Z25: 1 | AA25: 21014.397 | AB25: 21014.397 | AC25: 1 | AD25: FIJO | AE25: 0.72598162 | AF25: 15256.066 | AG25: ASMA | AH25: 12
A26: CPI_33 | B26: CONTROL TERAPIA RESPIRATORIA/ PROGRAMAS (Segun indicacion medica) | C26: Terapias | D26: 1 | E26: 31714.221 | G26: 0 | I26: 0 | K26: 0 | M26: 0 | O26: 0 | Q26: 0 | S26: 0 | U26: 0 | W26: 0 | Y26: 0 | AA26: 0 | AB26: 31714.221 | AC26: 1 | AD26: PROBABILISTICO | AE26: 0.1144528 | AF26: 3629.7813 | AG26: ASMA | AH26: 12
A27: CPI_32 | B27: PRIMERA VEZ TERAPIA RESPIRATORIA/ PROGRAMAS (Segun indicacion medica) | C27: Terapias | D27: 1 | E27: 31714.221 | G27: 0 | I27: 0 | K27: 0 | M27: 0 | O27: 0 | Q27: 0 | S27: 0 | U27: 0 | W27: 0 | Y27: 0 | AA27: 0 | AB27: 31714.221 | AC27: 1 | AD27: PROBABILISTICO | AE27: 0.055973266 | AF27: 1775.1485 | AG27: ASMA | AH27: 12
A28: CPI_24 | B28: OSCILOMETRIA DE IMPULSO / PROGRAMAS (Pacientes que no logran realizar espirometria) | C28: Diagnosticos | D28: 1 | E28: 67391.282 | G28: 0 | I28: 0 | K28: 0 | M28: 0 | O28: 0 | Q28: 0 | S28: 0 | U28: 0 | W28: 0 | Y28: 0 | AA28: 0 | AB28: 67391.282 | AC28: 1 | AD28: PROBABILISTICO | AE28: 0.055973266 | AF28: 3772.1102 | AG28: ASMA | AH28: 12
A29: CPI_30 | B29: PARTICIPACIoN JUNTA MEDICA/ PROGRAMAS (Segun indicacion medica) | C29: Gestion y seguimiento | E29: 0 | G29: 0 | I29: 0 | K29: 0 | M29: 0 | N29: 1 | O29: 145259.19 | Q29: 0 | S29: 0 | U29: 0 | W29: 0 | Y29: 0 | AA29: 0 | AB29: 145259.19 | AC29: 1 | AD29: PROBABILISTICO | AE29: 0.035087719 | AF29: 5096.8138 | AG29: ASMA | AH29: 12
A30: CPI_06 | B30: CONSULTA PRIORITARIA/ PROGRAMAS (Todas las que requiera el paciente) | C30: Consultas | E30: 0 | G30: 0 | I30: 0 | K30: 0 | M30: 0 | O30: 0 | P30: 1 | Q30: 56420.693 | S30: 0 | U30: 0 | W30: 0 | Y30: 0 | AA30: 0 | AB30: 56420.693 | AC30: 1 | AD30: PROBABILISTICO | AE30: 0.46031746 | AF30: 25971.43 | AG30: ASMA | AH30: 12
A31: CPI_78 | B31: CONSULTA PRIMERA VEZ MEDICINA GENERAL / PROGRAMAS | C31: Consultas | D31: 1 | E31: 24009.73 | G31: 0 | I31: 0 | K31: 0 | M31: 0 | O31: 0 | Q31: 0 | S31: 0 | U31: 0 | W31: 0 | Y31: 0 | AA31: 0 | AB31: 24009.73 | AC31: 1 | AD31: PROBABILISTICO | AE31: 0.0025062657 | AF31: 60.174763 | AG31: ASMA | AH31: 12
A32: CPI_86 | B32: DEPORTOLOGIA PRIMERA VEZ/PROGRAMAS (solo si se requiere) | C32: Consultas | D32: 1 | E32: 60236.093 | G32: 0 | I32: 0 | K32: 0 | M32: 0 | O32: 0 | Q32: 0 | S32: 0 | U32: 0 | W32: 0 | Y32: 0 | AA32: 0 | AB32: 60236.093 | AC32: 1 | AD32: PROBABILISTICO | AE32: 0.025062657 | AF32: 1509.6765 | AG32: ASMA | AH32: 12
A33: CPI_87 | B33: DEPORTOLOGIA CONTROL/PROGRAMAS (solo si se requiere) | C33: Consultas | E33: 0 | G33: 0 | I33: 0 | K33: 0 | M33: 0 | O33: 0 | P33: 1 | Q33: 62748.232 | S33: 0 | U33: 0 | W33: 0 | Y33: 0 | AA33: 0 | AB33: 62748.232 | AC33: 1 | AD33: PROBABILISTICO | AE33: 0.0083542189 | AF33: 524.21247 | AG33: ASMA | AH33: 12
A34: CPI_88 | B34: DEPORTOLOGIA EGRESO/PROGRAMAS (solo si se requiere) | C34: Consultas | E34: 0 | G34: 0 | I34: 0 | K34: 0 | M34: 0 | O34: 0 | Q34: 0 | S34: 0 | U34: 0 | W34: 0 | Y34: 0 | Z34: 1 | AA34: 62748.232 | AB34: 62748.232 | AC34: 1 | AD34: PROBABILISTICO | AE34: 0 | AF34: 0 | AG34: ASMA | AH34: 12
A35: CPI_31 | B35: REHABILITACIoN EGRESO / PROGRAMAS | C35: Terapias | E35: 0 | G35: 0 | I35: 0 | K35: 0 | M35: 0 | O35: 0 | Q35: 0 | S35: 0 | U35: 0 | W35: 0 | Y35: 0 | Z35: 1 | AA35: 31881.452 | AB35: 31881.452 | AC35: 1 | AD35: FIJO | AE35: 1 | AF35: 31881.452 | AG35: ASMA | AH35: 12
A36: CPI_02 | B36: REHABILITACION INGRESO / PROGRAMAS | C36: Terapias | E36: 0 | G36: 0 | H36: 1 | I36: 31881.452 | K36: 0 | M36: 0 | O36: 0 | Q36: 0 | S36: 0 | U36: 0 | W36: 0 | Y36: 0 | AA36: 0 | AB36: 31881.452 | AC36: 1 | AD36: FIJO | AE36: 1 | AF36: 31881.452 | AG36: ASMA | AH36: 12
A37: CPI_79 | B37: CONSULTA CONTROL MEDICINA GENERAL / PROGRAMAS (Todas las que requiera el paciente) | C37: Consultas | E37: 0 | G37: 0 | I37: 0 | K37: 0 | M37: 0 | O37: 0 | Q37: 0 | S37: 0 | U37: 0 | W37: 0 | Y37: 0 | AA37: 0 | AB37: 0 | AC37: 0 | AD37: PROBABILISTICO | AE37: 0 | AF37: 0 | AG37: ASMA | AH37: 12
A38: CPI_23 | B38: PRUEBA DE BRONCOPROVOCACIÓN ESPECÍFICA (ALERGENO) O INESPECÍFICA | C38: Diagnosticos | D38: 1 | E38: 232601.87 | G38: 0 | I38: 0 | K38: 0 | M38: 0 | O38: 0 | Q38: 0 | S38: 0 | U38: 0 | W38: 0 | Y38: 0 | AA38: 0 | AB38: 232601.87 | AC38: 1 | AD38: PROBABILISTICO | AE38: 0.015037594 | AF38: 3497.7725 | AG38: ASMA | AH38: 12
A39: CPI_19 | B39: CONSULTA PRIMERA VEZ ALERGOLOGIA / PROGRAMAS | C39: Consultas | D39: 1 | E39: 85060.599 | G39: 0 | I39: 0 | K39: 0 | M39: 0 | O39: 0 | Q39: 0 | S39: 0 | U39: 0 | W39: 0 | Y39: 0 | AA39: 0 | AB39: 85060.599 | AC39: 1 | AD39: FIJO | AE39: 1 | AF39: 85060.599 | AG39: ASMA | AH39: 12
A40: CPI_72 | B40: CONSULTA ESPECIALIZADA PRIMERA VEZ REHABILITACIoN/PROGRAMAS | C40: Consultas | D40: 1 | E40: 26897.08 | G40: 0 | I40: 0 | K40: 0 | M40: 0 | O40: 0 | Q40: 0 | S40: 0 | U40: 0 | W40: 0 | Y40: 0 | AA40: 0 | AB40: 26897.08 | AC40: 1 | AD40: PROBABILISTICO | AE40: 0 | AF40: 0 | AG40: ASMA | AH40: 12
A41: CPI_73 | B41: CONSULTA ESPECIALIZADA CONTROL REHABILITACIoN/PROGRAMAS (Segun indicacion medica) | C41: Consultas | D41: 1 | E41: 26897.08 | G41: 0 | I41: 0 | K41: 0 | M41: 0 | O41: 0 | Q41: 0 | S41: 0 | U41: 0 | W41: 0 | Y41: 0 | AA41: 0 | AB41: 26897.08 | AC41: 1 | AD41: PROBABILISTICO | AE41: 0.0016708438 | AF41: 44.940818 | AG41: ASMA | AH41: 12
A42: MED | B42: MEDICAMENTOS | C42: Medicamentos | AD42: FIJO | AG42: ASMA | AH42: 12
A43: CPI_01 | B43: INGRESO PROGRAMAS INTEGRALES | C43: Gestion y seguimiento | D43: 1 | E43: 20552.756 | G43: 0 | I43: 0 | K43: 0 | M43: 0 | O43: 0 | Q43: 0 | S43: 0 | U43: 0 | W43: 0 | Y43: 0 | AA43: 0 | AB43: 20552.756 | AC43: 1 | AD43: FIJO | AE43: 1 | AF43: 20552.756 | AG43: HIPERTENCION PULMONAR | AH43: 12
A44: CPI_10 | B44: CONTACTO DE SEGUIMIENTO Y/O TELEFONICO / PROGRAMAS | C44: Gestion y seguimiento | D44: 1 | E44: 15634.853 | F44: 1 | G44: 15634.853 | H44: 1 | I44: 15634.853 | J44: 1 | K44: 15634.853 | L44: 1 | M44: 15634.853 | N44: 1 | O44: 15634.853 | P44: 1 | Q44: 15634.853 | R44: 1 | S44: 15634.853 | T44: 1 | U44: 15634.853 | V44: 1 | W44: 15634.853 | X44: 1 | Y44: 15634.853 | Z44: 1 | AA44: 15634.853 | AB44: 187618.24 | AC44: 12 | AD44: FIJO | AE44: 1 | AF44: 187618.24 | AG44: HIPERTENCION PULMONAR | AH44: 12
A45: CPI_03 | B45: REHABILITACION CONTROL / PROGRAMAS (1, 2 o 3 Sesiones semana) | C45: Terapias | E45: 0 | G45: 0 | H45: 8 | I45: 70240.959 | J45: 8 | K45: 70240.959 | L45: 8 | M45: 70240.959 | N45: 8 | O45: 70240.959 | P45: 8 | Q45: 70240.959 | R45: 8 | S45: 70240.959 | T45: 8 | U45: 70240.959 | V45: 8 | W45: 70240.959 | X45: 8 | Y45: 70240.959 | Z45: 8 | AA45: 70240.959 | AB45: 702409.59 | AC45: 80 | AD45: FIJO | AE45: 1 | AF45: 702409.59 | AG45: HIPERTENCION PULMONAR | AH45: 12
A46: CPI_75 | B46: NUTRICION CONTROL / PROGRAMAS | C46: Consultas | E46: 0 | G46: 0 | I46: 0 | K46: 0 | M46: 0 | N46: 1 | O46: 22052.521 | Q46: 0 | S46: 0 | U46: 0 | W46: 0 | Y46: 0 | Z46: 1 | AA46: 22052.521 | AB46: 44105.042 | AC46: 2 | AD46: FIJO | AE46: 1 | AF46: 44105.042 | AG46: HIPERTENCION PULMONAR | AH46: 12
A47: CPI_74 | B47: NUTRICION PRIMERA VEZ / PROGRAMAS | C47: Consultas | D47: 1 | E47: 20406.133 | G47: 0 | I47: 0 | K47: 0 | M47: 0 | O47: 0 | Q47: 0 | S47: 0 | U47: 0 | W47: 0 | Y47: 0 | AA47: 0 | AB47: 20406.133 | AC47: 1 | AD47: FIJO | AE47: 1 | AF47: 20406.133 | AG47: HIPERTENCION PULMONAR | AH47: 12
A48: CPI_76 | B48: PSICOLOGIA PRIMERA VEZ / PROGRAMAS | C48: Consultas | D48: 1 | E48: 18768.368 | G48: 0 | I48: 0 | K48: 0 | M48: 0 | O48: 0 | Q48: 0 | S48: 0 | U48: 0 | W48: 0 | Y48: 0 | AA48: 0 | AB48: 18768.368 | AC48: 1 | AD48: FIJO | AE48: 1 | AF48: 18768.368 | AG48: HIPERTENCION PULMONAR | AH48: 12
A49: CPI_77 | B49: PSICOLOGIA CONTROL / PROGRAMAS | C49: Consultas | E49: 0 | G49: 0 | I49: 0 | K49: 0 | M49: 0 | N49: 1 | O49: 20414.756 | Q49: 0 | S49: 0 | U49: 0 | W49: 0 | Y49: 0 | Z49: 1 | AA49: 20414.756 | AB49: 40829.512 | AC49: 2 | AD49: FIJO | AE49: 1 | AF49: 40829.512 | AG49: HIPERTENCION PULMONAR | AH49: 12
A50: CPI_06 | B50: CONSULTA PRIORITARIA/ PROGRAMAS (Todas las que requiera el paciente) | C50: Consultas | D50: 1 | E50: 56420.693 | G50: 0 | I50: 0 | K50: 0 | M50: 0 | O50: 0 | Q50: 0 | S50: 0 | U50: 0 | W50: 0 | Y50: 0 | AA50: 0 | AB50: 56420.693 | AC50: 1 | AD50: PROBABILISTICO | AE50: 0.30593607 | AF50: 17261.125 | AG50: HIPERTENCION PULMONAR | AH50: 12
A51: CPI_16 | B51: CONSULTA PRIMERA VEZ CARDIOLOGIA / PROGRAMAS | C51: Consultas | D51: 1 | E51: 58766.154 | G51: 0 | I51: 0 | K51: 0 | M51: 0 | O51: 0 | Q51: 0 | S51: 0 | U51: 0 | W51: 0 | Y51: 0 | AA51: 0 | AB51: 58766.154 | AC51: 1 | AD51: PROBABILISTICO | AE51: 0.15068493 | AF51: 8855.1739 | AG51: HIPERTENCION PULMONAR | AH51: 12
A52: CPI_17 | B52: CONSULTA CONTROL CARDIOLOGIA / PROGRAMAS (Segun indicacion medica) | C52: Consultas | D52: 1 | E52: 58766.154 | G52: 0 | I52: 0 | K52: 0 | M52: 0 | O52: 0 | Q52: 0 | S52: 0 | U52: 0 | W52: 0 | Y52: 0 | AA52: 0 | AB52: 58766.154 | AC52: 1 | AD52: PROBABILISTICO | AE52: 1.2648402 | AF52: 74329.793 | AG52: HIPERTENCION PULMONAR | AH52: 12
A53: CPI_79 | B53: CONSULTA CONTROL MEDICINA GENERAL / PROGRAMAS (Todas las que requiera el paciente) | C53: Consultas | D53: 1 | E53: 24009.73 | G53: 0 | I53: 0 | K53: 0 | M53: 0 | O53: 0 | Q53: 0 | S53: 0 | U53: 0 | W53: 0 | Y53: 0 | AA53: 0 | AB53: 24009.73 | AC53: 1 | AD53: PROBABILISTICO | AE53: 0.00065019506 | AF53: 15.611008 | AG53: HIPERTENCION PULMONAR | AH53: 12
A54: CPI_09 | B54: ACTIVIDAD EDUCATIVA / PROGRAMAS | C54: Educacion | D54: 1 | E54: 12743.422 | F54: 1 | G54: 12743.422 | H54: 1 | I54: 12743.422 | J54: 1 | K54: 12743.422 | L54: 1 | M54: 12743.422 | N54: 1 | O54: 12743.422 | P54: 1 | Q54: 12743.422 | R54: 1 | S54: 12743.422 | T54: 1 | U54: 12743.422 | V54: 1 | W54: 12743.422 | X54: 1 | Y54: 12743.422 | Z54: 1 | AA54: 12743.422 | AB54: 152921.06 | AC54: 12 | AD54: FIJO | AE54: 1 | AF54: 152921.06 | AG54: HIPERTENCION PULMONAR | AH54: 12
A55: CPI_15 | B55: ESPIROMETRIA PRE Y POST BRONCODILATADORES / PROGRAMAS | C55: Diagnosticos | D55: 1 | E55: 43480.817 | G55: 0 | I55: 0 | K55: 0 | M55: 0 | O55: 0 | Q55: 0 | S55: 0 | U55: 0 | W55: 0 | Y55: 0 | Z55: 1 | AA55: 43480.817 | AB55: 86961.634 | AC55: 2 | AD55: FIJO | AE55: 1 | AF55: 86961.634 | AG55: HIPERTENCION PULMONAR | AH55: 12
A56: CPI_12 | B56: CONSULTA CONTROL NEUMOLOGIA ADULTO / PROGRAMAS (Segun indicacion medica) | C56: Consultas | D56: 1 | E56: 67398.099 | G56: 0 | I56: 0 | K56: 0 | M56: 0 | O56: 0 | Q56: 0 | S56: 0 | U56: 0 | W56: 0 | Y56: 0 | AA56: 0 | AB56: 67398.099 | AC56: 1 | AD56: PROBABILISTICO | AE56: 2.6940639 | AF56: 181574.79 | AG56: HIPERTENCION PULMONAR | AH56: 12
A57: CPI_11 | B57: CONSULTA PRIMERA VEZ NEUMOLOGIA ADULTO / PROGRAMAS | C57: Consultas | D57: 1 | E57: 67398.099 | G57: 0 | I57: 0 | K57: 0 | M57: 0 | O57: 0 | Q57: 0 | S57: 0 | U57: 0 | W57: 0 | Y57: 0 | AA57: 0 | AB57: 67398.099 | AC57: 1 | AD57: PROBABILISTICO | AE57: 0.1369863 | AF57: 9232.6162 | AG57: HIPERTENCION PULMONAR | AH57: 12
A58: CPI_02 | B58: REHABILITACION INGRESO / PROGRAMAS | C58: Terapias | E58: 0 | G58: 0 | H58: 1 | I58: 31881.452 | K58: 0 | M58: 0 | O58: 0 | Q58: 0 | S58: 0 | U58: 0 | W58: 0 | Y58: 0 | AA58: 0 | AB58: 31881.452 | AC58: 1 | AD58: FIJO | AE58: 1 | AF58: 31881.452 | AG58: HIPERTENCION PULMONAR | AH58: 12
A59: CPI_31 | B59: REHABILITACIoN EGRESO / PROGRAMAS | C59: Terapias | E59: 0 | G59: 0 | I59: 0 | K59: 0 | M59: 0 | O59: 0 | Q59: 0 | S59: 0 | U59: 0 | W59: 0 | Y59: 0 | Z59: 1 | AA59: 31881.452 | AB59: 31881.452 | AC59: 1 | AD59: FIJO | AE59: 1 | AF59: 31881.452 | AG59: HIPERTENCION PULMONAR | AH59: 12
A60: CPI_28 | B60: CAMINATA 6 MINUTOS / PROGRAMAS | C60: Diagnosticos | E60: 0 | G60: 0 | H60: 1 | I60: 19392.627 | K60: 0 | M60: 0 | O60: 0 | Q60: 0 | S60: 0 | U60: 0 | W60: 0 | Y60: 0 | Z60: 1 | AA60: 19392.627 | AB60: 38785.254 | AC60: 2 | AD60: FIJO | AE60: 1 | AF60: 38785.254 | AG60: HIPERTENCION PULMONAR | AH60: 12
A61: CPI_30 | B61: PARTICIPACIoN JUNTA MEDICA/ PROGRAMAS (Segun indicacion medica) | C61: Gestion y seguimiento | E61: 0 | G61: 0 | I61: 0 | K61: 0 | M61: 0 | N61: 1 | O61: 145259.19 | Q61: 0 | S61: 0 | U61: 0 | W61: 0 | Y61: 0 | AA61: 0 | AB61: 145259.19 | AC61: 1 | AD61: PROBABILISTICO | AE61: 0.10958904 | AF61: 15918.816 | AG61: HIPERTENCION PULMONAR | AH61: 12
A62: CPI_78 | B62: CONSULTA PRIMERA VEZ MEDICINA GENERAL / PROGRAMAS | C62: Consultas | D62: 1 | E62: 24009.73 | G62: 0 | I62: 0 | K62: 0 | M62: 0 | O62: 0 | Q62: 0 | S62: 0 | U62: 0 | W62: 0 | Y62: 0 | AA62: 0 | AB62: 24009.73 | AC62: 1 | AD62: FIJO | AE62: 1 | AF62: 24009.73 | AG62: HIPERTENCION PULMONAR | AH62: 12
A63: CPI_14 | B63: CONSULTA CONTROL NEUMOLOGIA PEDIATRICA / PROGRAMAS (Segun indicacion medica) | C63: Consultas | D63: 1 | E63: 77398.099 | G63: 0 | I63: 0 | K63: 0 | M63: 0 | O63: 0 | Q63: 0 | S63: 0 | U63: 0 | W63: 0 | Y63: 0 | AA63: 0 | AB63: 77398.099 | AC63: 1 | AD63: PROBABILISTICO | AE63: 0.03196347 | AF63: 2473.9118 | AG63: HIPERTENCION PULMONAR | AH63: 12
A64: CPI_13 | B64: CONSULTA PRIMERA VEZ NEUMOLOGIA PEDIATRICA / PROGRAMAS | C64: Consultas | D64: 1 | E64: 83398.099 | G64: 0 | I64: 0 | K64: 0 | M64: 0 | O64: 0 | Q64: 0 | S64: 0 | U64: 0 | W64: 0 | Y64: 0 | AA64: 0 | AB64: 83398.099 | AC64: 1 | AD64: FIJO | AE64: 1 | AF64: 83398.099 | AG64: HIPERTENCION PULMONAR | AH64: 12
A65: CPI_72 | B65: CONSULTA ESPECIALIZADA PRIMERA VEZ REHABILITACIoN/PROGRAMAS | C65: Consultas | D65: 1 | E65: 26897.08 | G65: 0 | I65: 0 | K65: 0 | M65: 0 | O65: 0 | Q65: 0 | S65: 0 | U65: 0 | W65: 0 | Y65: 0 | AA65: 0 | AB65: 26897.08 | AC65: 1 | AD65: FIJO | AE65: 1 | AF65: 26897.08 | AG65: HIPERTENCION PULMONAR | AH65: 12
A66: CPI_73 | B66: CONSULTA ESPECIALIZADA CONTROL REHABILITACIoN/PROGRAMAS (Segun indicacion medica) | C66: Consultas | D66: 1 | E66: 26897.08 | G66: 0 | I66: 0 | K66: 0 | M66: 0 | O66: 0 | Q66: 0 | S66: 0 | U66: 0 | W66: 0 | Y66: 0 | AA66: 0 | AB66: 26897.08 | AC66: 1 | AD66: PROBABILISTICO | AE66: 0.00456621 | AF66: 122.81772 | AG66: HIPERTENCION PULMONAR | AH66: 12
A67: CPI_83 | B67: TRABAJO SOCIAL PRIMERA VEZ/PROGRAMAS | C67: Consultas | D67: 1 | E67: 17887.389 | G67: 0 | I67: 0 | K67: 0 | M67: 0 | O67: 0 | Q67: 0 | S67: 0 | U67: 0 | W67: 0 | Y67: 0 | AA67: 0 | AB67: 17887.389 | AC67: 1 | AD67: FIJO | AE67: 1 | AF67: 17887.389 | AG67: HIPERTENCION PULMONAR | AH67: 12
A68: CPI_84 | B68: TRABAJO SOCIAL CONTROL/PROGRAMAS | C68: Consultas | E68: 0 | G68: 0 | I68: 0 | K68: 0 | M68: 0 | O68: 0 | Q68: 0 | S68: 0 | U68: 0 | W68: 0 | Y68: 0 | Z68: 1 | AA68: 17887.389 | AB68: 17887.389 | AC68: 1 | AD68: PROBABILISTICO | AE68: 0.04109589 | AF68: 735.09817 | AG68: HIPERTENCION PULMONAR | AH68: 12
A69: CPI_24 | B69: OSCILOMETRIA DE IMPULSO / PROGRAMAS (Pacientes que no logran realizar espirometria) | C69: Diagnosticos | D69: 1 | E69: 67391.282 | G69: 0 | I69: 0 | K69: 0 | M69: 0 | O69: 0 | Q69: 0 | S69: 0 | U69: 0 | W69: 0 | Y69: 0 | Z69: 1 | AA69: 67391.282 | AB69: 134782.56 | AC69: 2 | AD69: PROBABILISTICO | AE69: 0.00456621 | AF69: 615.44549 | AG69: HIPERTENCION PULMONAR | AH69: 12
A70: CPI_80 | B70: ENFERMERIA CONTROL / PROGRAMAS | C70: Consultas | E70: 0 | G70: 0 | I70: 0 | K70: 0 | M70: 0 | O70: 0 | Q70: 0 | S70: 0 | U70: 0 | W70: 0 | Y70: 0 | Z70: 1 | AA70: 21014.397 | AB70: 21014.397 | AC70: 1 | AD70: FIJO | AE70: 1 | AF70: 21014.397 | AG70: HIPERTENCION PULMONAR | AH70: 12
A71: MED | B71: MEDICAMENTOS | C71: Medicamentos | AD71: FIJO | AG71: HIPERTENCION PULMONAR | AH71: 12
A72: CPI_01 | B72: INGRESO PROGRAMAS INTEGRALES | C72: Gestion y seguimiento | D72: 1 | E72: 20552.756 | G72: 0 | I72: 0 | K72: 0 | M72: 0 | O72: 0 | Q72: 0 | S72: 0 | U72: 0 | W72: 0 | Y72: 0 | AA72: 0 | AB72: 20552.756 | AC72: 1 | AD72: FIJO | AE72: 1 | AF72: 20552.756 | AG72: EJERCICIO FISICO | AH72: 12
A73: CPI_83 | B73: TRABAJO SOCIAL PRIMERA VEZ/PROGRAMAS | C73: Consultas | D73: 1 | E73: 17887.389 | G73: 0 | I73: 0 | K73: 0 | M73: 0 | O73: 0 | Q73: 0 | S73: 0 | U73: 0 | W73: 0 | Y73: 0 | AA73: 0 | AB73: 17887.389 | AC73: 1 | AD73: FIJO | AE73: 1 | AF73: 17887.389 | AG73: EJERCICIO FISICO | AH73: 12
A74: CPI_84 | B74: TRABAJO SOCIAL CONTROL/PROGRAMAS | C74: Consultas | D74: 1 | E74: 17887.389 | G74: 0 | I74: 0 | K74: 0 | M74: 0 | O74: 0 | Q74: 0 | S74: 0 | U74: 0 | W74: 0 | Y74: 0 | AA74: 0 | AB74: 17887.389 | AC74: 1 | AD74: PROBABILISTICO | AE74: 0.29583875 | AF74: 5291.7828 | AG74: EJERCICIO FISICO | AH74: 12
A75: CPI_28 | B75: CAMINATA 6 MINUTOS / PROGRAMAS | C75: Diagnosticos | D75: 1 | E75: 19392.627 | G75: 0 | I75: 0 | K75: 0 | M75: 0 | O75: 0 | Q75: 0 | S75: 0 | U75: 0 | W75: 0 | Y75: 0 | AA75: 0 | AB75: 19392.627 | AC75: 1 | AD75: FIJO | AE75: 1 | AF75: 19392.627 | AG75: EJERCICIO FISICO | AH75: 12
A76: CPI_15 | B76: ESPIROMETRIA PRE Y POST BRONCODILATADORES / PROGRAMAS | C76: Diagnosticos | D76: 1 | E76: 43480.817 | G76: 0 | I76: 0 | K76: 0 | M76: 0 | O76: 0 | Q76: 0 | S76: 0 | U76: 0 | W76: 0 | Y76: 0 | AA76: 0 | AB76: 43480.817 | AC76: 1 | AD76: FIJO | AE76: 1 | AF76: 43480.817 | AG76: EJERCICIO FISICO | AH76: 12
A77: CPI_80 | B77: ENFERMERIA CONTROL / PROGRAMAS | C77: Consultas | D77: 1 | E77: 21014.397 | G77: 0 | I77: 0 | K77: 0 | M77: 0 | O77: 0 | Q77: 0 | S77: 0 | U77: 0 | W77: 0 | Y77: 0 | AA77: 0 | AB77: 21014.397 | AC77: 1 | AD77: FIJO | AE77: 0.3550065 | AF77: 7460.2475 | AG77: EJERCICIO FISICO | AH77: 12
A78: CPI_74 | B78: NUTRICION PRIMERA VEZ / PROGRAMAS | C78: Consultas | D78: 1 | E78: 20406.133 | G78: 0 | I78: 0 | K78: 0 | M78: 0 | O78: 0 | Q78: 0 | S78: 0 | U78: 0 | W78: 0 | Y78: 0 | AA78: 0 | AB78: 20406.133 | AC78: 1 | AD78: FIJO | AE78: 1 | AF78: 20406.133 | AG78: EJERCICIO FISICO | AH78: 12
A79: CPI_76 | B79: PSICOLOGIA PRIMERA VEZ / PROGRAMAS | C79: Consultas | D79: 1 | E79: 18768.368 | G79: 0 | I79: 0 | K79: 0 | M79: 0 | O79: 0 | Q79: 0 | S79: 0 | U79: 0 | W79: 0 | Y79: 0 | AA79: 0 | AB79: 18768.368 | AC79: 1 | AD79: FIJO | AE79: 0.30593607 | AF79: 5741.9207 | AG79: EJERCICIO FISICO | AH79: 12
A80: CPI_02 | B80: REHABILITACION INGRESO / PROGRAMAS | C80: Terapias | D80: 1 | E80: 31881.452 | G80: 0 | I80: 0 | K80: 0 | M80: 0 | O80: 0 | Q80: 0 | S80: 0 | U80: 0 | W80: 0 | Y80: 0 | AA80: 0 | AB80: 31881.452 | AC80: 1 | AD80: FIJO | AE80: 0.15068493 | AF80: 4804.0544 | AG80: EJERCICIO FISICO | AH80: 12
A81: CPI_03 | B81: REHABILITACION CONTROL / PROGRAMAS (1, 2 o 3 Sesiones semana) | C81: Terapias | E81: 0 | F81: 8 | G81: 70240.959 | H81: 8 | I81: 70240.959 | J81: 8 | K81: 70240.959 | L81: 8 | M81: 70240.959 | N81: 8 | O81: 70240.959 | P81: 8 | Q81: 70240.959 | R81: 8 | S81: 70240.959 | T81: 8 | U81: 70240.959 | V81: 8 | W81: 70240.959 | X81: 8 | Y81: 70240.959 | Z81: 8 | AA81: 70240.959 | AB81: 772650.55 | AC81: 88 | AD81: FIJO | AE81: 1 | AF81: 772650.55 | AG81: EJERCICIO FISICO | AH81: 12
A82: CPI_75 | B82: NUTRICION CONTROL / PROGRAMAS | C82: Consultas | D82: 1 | E82: 22052.521 | G82: 0 | I82: 0 | K82: 0 | M82: 0 | O82: 0 | Q82: 0 | S82: 0 | U82: 0 | W82: 0 | Y82: 0 | AA82: 0 | AB82: 22052.521 | AC82: 1 | AD82: FIJO | AE82: 0.27828349 | AF82: 6136.8523 | AG82: EJERCICIO FISICO | AH82: 12
A83: CPI_77 | B83: PSICOLOGIA CONTROL / PROGRAMAS | C83: Consultas | D83: 1 | E83: 20414.756 | G83: 0 | I83: 0 | K83: 0 | M83: 0 | O83: 0 | Q83: 0 | S83: 0 | U83: 0 | W83: 0 | Y83: 0 | AA83: 0 | AB83: 20414.756 | AC83: 1 | AD83: FIJO | AE83: 0.2503251 | AF83: 5110.3258 | AG83: EJERCICIO FISICO | AH83: 12
A84: CPI_11 | B84: CONSULTA PRIMERA VEZ NEUMOLOGIA ADULTO / PROGRAMAS | C84: Consultas | D84: 1 | E84: 67398.099 | G84: 0 | I84: 0 | K84: 0 | M84: 0 | O84: 0 | Q84: 0 | S84: 0 | U84: 0 | W84: 0 | Y84: 0 | AA84: 0 | AB84: 67398.099 | AC84: 1 | AD84: PROBABILISTICO | AE84: 0.10858257 | AF84: 7318.2591 | AG84: EJERCICIO FISICO | AH84: 12
A85: CPI_12 | B85: CONSULTA CONTROL NEUMOLOGIA ADULTO / PROGRAMAS (Segun indicacion medica) | C85: Consultas | D85: 1 | E85: 67398.099 | G85: 0 | I85: 0 | K85: 0 | M85: 0 | O85: 0 | Q85: 0 | S85: 0 | U85: 0 | W85: 0 | Y85: 0 | AA85: 0 | AB85: 67398.099 | AC85: 1 | AD85: PROBABILISTICO | AE85: 1.0461638 | AF85: 70509.454 | AG85: EJERCICIO FISICO | AH85: 12
A86: CPI_79 | B86: CONSULTA CONTROL MEDICINA GENERAL / PROGRAMAS (Todas las que requiera el paciente) | C86: Consultas | D86: 1 | E86: 24009.73 | G86: 0 | I86: 0 | K86: 0 | M86: 0 | O86: 0 | Q86: 0 | S86: 0 | U86: 0 | W86: 0 | Y86: 0 | AA86: 0 | AB86: 24009.73 | AC86: 1 | AD86: PROBABILISTICO | AE86: 0.00065019506 | AF86: 15.611008 | AG86: EJERCICIO FISICO | AH86: 12
A87: CPI_78 | B87: CONSULTA PRIMERA VEZ MEDICINA GENERAL / PROGRAMAS | C87: Consultas | D87: 1 | E87: 24009.73 | G87: 0 | I87: 0 | K87: 0 | M87: 0 | O87: 0 | Q87: 0 | S87: 0 | U87: 0 | W87: 0 | Y87: 0 | AA87: 0 | AB87: 24009.73 | AC87: 1 | AD87: FIJO | AE87: 1 | AF87: 24009.73 | AG87: EJERCICIO FISICO | AH87: 12
A88: CPI_06 | B88: CONSULTA PRIORITARIA/ PROGRAMAS (Todas las que requiera el paciente) | C88: Consultas | D88: 1 | E88: 56420.693 | G88: 0 | I88: 0 | K88: 0 | M88: 0 | O88: 0 | Q88: 0 | S88: 0 | U88: 0 | W88: 0 | Y88: 0 | AA88: 0 | AB88: 56420.693 | AC88: 1 | AD88: PROBABILISTICO | AE88: 0.22886866 | AF88: 12912.928 | AG88: EJERCICIO FISICO | AH88: 12
A89: CPI_86 | B89: DEPORTOLOGIA PRIMERA VEZ/PROGRAMAS (solo si se requiere) | C89: Consultas | D89: 1 | E89: 60236.093 | G89: 0 | I89: 0 | K89: 0 | M89: 0 | O89: 0 | Q89: 0 | S89: 0 | U89: 0 | W89: 0 | Y89: 0 | AA89: 0 | AB89: 60236.093 | AC89: 1 | AD89: PROBABILISTICO | AE89: 0.033159948 | AF89: 1997.4257 | AG89: EJERCICIO FISICO | AH89: 12
A90: CPI_87 | B90: DEPORTOLOGIA CONTROL/PROGRAMAS (solo si se requiere) | C90: Consultas | E90: 0 | G90: 0 | I90: 0 | J90: 1 | K90: 62748.232 | M90: 0 | O90: 0 | Q90: 0 | S90: 0 | U90: 0 | W90: 0 | Y90: 0 | AA90: 0 | AB90: 62748.232 | AC90: 1 | AD90: PROBABILISTICO | AE90: 0.015604681 | AF90: 979.16617 | AG90: EJERCICIO FISICO | AH90: 12
A91: CPI_88 | B91: DEPORTOLOGIA EGRESO/PROGRAMAS (solo si se requiere) | C91: Consultas | E91: 0 | G91: 0 | I91: 0 | K91: 0 | M91: 0 | O91: 0 | Q91: 0 | S91: 0 | U91: 0 | W91: 0 | Y91: 0 | Z91: 1 | AA91: 62748.232 | AB91: 62748.232 | AC91: 1 | AD91: FIJO | AE91: 1 | AF91: 62748.232 | AG91: EJERCICIO FISICO | AH91: 12
A92: CPI_32 | B92: PRIMERA VEZ TERAPIA RESPIRATORIA/ PROGRAMAS (Segun indicacion medica) | C92: Terapias | D92: 1 | E92: 31714.221 | G92: 0 | I92: 0 | K92: 0 | M92: 0 | O92: 0 | Q92: 0 | S92: 0 | U92: 0 | W92: 0 | Y92: 0 | AA92: 0 | AB92: 31714.221 | AC92: 1 | AD92: PROBABILISTICO | AE92: 0.05526658 | AF92: 1752.7365 | AG92: EJERCICIO FISICO | AH92: 12
A93: CPI_33 | B93: CONTROL TERAPIA RESPIRATORIA/ PROGRAMAS (Segun indicacion medica) | C93: Terapias | D93: 1 | E93: 31714.221 | G93: 0 | I93: 0 | K93: 0 | M93: 0 | O93: 0 | Q93: 0 | S93: 0 | U93: 0 | W93: 0 | Y93: 0 | AA93: 0 | AB93: 31714.221 | AC93: 1 | AD93: PROBABILISTICO | AE93: 0.26007802 | AF93: 8248.1719 | AG93: EJERCICIO FISICO | AH93: 12
A94: CPI_13 | B94: CONSULTA PRIMERA VEZ NEUMOLOGIA PEDIATRICA / PROGRAMAS | C94: Consultas | D94: 1 | E94: 83398.099 | G94: 0 | I94: 0 | K94: 0 | M94: 0 | O94: 0 | Q94: 0 | S94: 0 | U94: 0 | W94: 0 | Y94: 0 | AA94: 0 | AB94: 83398.099 | AC94: 1 | AD94: PROBABILISTICO | AE94: 0.0026007802 | AF94: 216.90013 | AG94: EJERCICIO FISICO | AH94: 12
A95: CPI_14 | B95: CONSULTA CONTROL NEUMOLOGIA PEDIATRICA / PROGRAMAS (Segun indicacion medica) | C95: Consultas | D95: 1 | E95: 77398.099 | G95: 0 | I95: 0 | K95: 0 | M95: 0 | O95: 0 | Q95: 0 | S95: 0 | U95: 0 | W95: 0 | Y95: 0 | AA95: 0 | AB95: 77398.099 | AC95: 1 | AD95: PROBABILISTICO | AE95: 0.030559168 | AF95: 2365.2215 | AG95: EJERCICIO FISICO | AH95: 12
A96: CPI_24 | B96: OSCILOMETRIA DE IMPULSO / PROGRAMAS (Pacientes que no logran realizar espirometria) | C96: Diagnosticos | D96: 1 | E96: 67391.282 | G96: 0 | I96: 0 | K96: 0 | M96: 0 | O96: 0 | Q96: 0 | S96: 0 | U96: 0 | W96: 0 | Y96: 0 | AA96: 0 | AB96: 67391.282 | AC96: 1 | AD96: PROBABILISTICO | AE96: 0.0013003901 | AF96: 87.634957 | AG96: EJERCICIO FISICO | AH96: 12
A97: CPI_72 | B97: CONSULTA ESPECIALIZADA PRIMERA VEZ REHABILITACIoN/PROGRAMAS | C97: Consultas | D97: 1 | E97: 26897.08 | G97: 0 | I97: 0 | K97: 0 | M97: 0 | O97: 0 | Q97: 0 | S97: 0 | U97: 0 | W97: 0 | Y97: 0 | AA97: 0 | AB97: 26897.08 | AC97: 1 | AD97: PROBABILISTICO | AE97: 0.0032509753 | AF97: 87.441741 | AG97: EJERCICIO FISICO | AH97: 12
A98: CPI_73 | B98: CONSULTA ESPECIALIZADA CONTROL REHABILITACIoN/PROGRAMAS (Segun indicacion medica) | C98: Consultas | D98: 1 | E98: 26897.08 | G98: 0 | I98: 0 | K98: 0 | M98: 0 | O98: 0 | Q98: 0 | S98: 0 | U98: 0 | W98: 0 | Y98: 0 | AA98: 0 | AB98: 26897.08 | AC98: 1 | AD98: PROBABILISTICO | AE98: 0.0039011704 | AF98: 104.93009 | AG98: EJERCICIO FISICO | AH98: 12
A99: CPI_30 | B99: PARTICIPACIoN JUNTA MEDICA/ PROGRAMAS (Segun indicacion medica) | C99: Gestion y seguimiento | E99: 0 | G99: 0 | I99: 0 | K99: 0 | M99: 0 | N99: 1 | O99: 145259.19 | Q99: 0 | S99: 0 | U99: 0 | W99: 0 | Y99: 0 | AA99: 0 | AB99: 145259.19 | AC99: 1 | AD99: PROBABILISTICO | AE99: 0.0078023407 | AF99: 1133.3617 | AG99: EJERCICIO FISICO | AH99: 12
A100: CPI_31 | B100: REHABILITACIoN EGRESO / PROGRAMAS | C100: Terapias | E100: 0 | G100: 0 | I100: 0 | K100: 0 | M100: 0 | O100: 0 | Q100: 0 | S100: 0 | U100: 0 | W100: 0 | Y100: 0 | Z100: 1 | AA100: 31881.452 | AB100: 31881.452 | AC100: 1 | AD100: FIJO | AE100: 1 | AF100: 31881.452 | AG100: HIPERTENCION PULMONAR | AH100: 12
...

Sheet BASE18MESES
A1: Servicios del Programa: | B1: Programa Rehabilitacion Pulmonar / Asma | C1: CATEGORIA | D1: MES 1 | E1: COSTOS | F1: MES 2 | G1: COSTOS2 | H1: MES 3 | I1: COSTOS3 | J1: MES 4 | K1: COSTOS4 | L1: MES 5 | M1: COSTOS5 | N1: MES 6 | O1: COSTOS6 | P1: MES 7 | Q1: COSTOS7 | R1: MES 8 | S1: COSTOS8 | T1: MES 9 | U1: COSTOS9 | V1: MES 10 | W1: COSTOS10 | X1: MES 11 | Y1: COSTOS11 | Z1: MES 12 | AA1: COSTOS12 | AB1: MES 13 | AC1: COSTOS13 | AD1: MES 14 | AE1: COSTOS14 | AF1: MES 15 | AG1: COSTOS15 | AH1: MES 16 | AI1: COSTOS16 | AJ1: MES 17 | AK1: COSTOS17 | AL1: MES 18 | AM1: COSTOS18 | AN1: TOTAL | AO1: TOTAL SERVICIOS | AP1: Modalidad | AQ1: % de las personas que lo usaron | AR1: VALOR COSTO | AS1: RUTA | AT1: DURACION
A2: CPI_01 | B2: INGRESO PROGRAMAS INTEGRALES | C2: Gestion y seguimiento | D2: 1 | E2: 20552.756 | G2: 0 | I2: 0 | K2: 0 | M2: 0 | O2: 0 | Q2: 0 | S2: 0 | U2: 0 | W2: 0 | Y2: 0 | AA2: 0 | AC2: 0 | AE2: 0 | AG2: 0 | AI2: 0 | AK2: 0 | AM2: 0 | AN2: 20552.756 | AO2: 1 | AP2: FIJO | AQ2: 1 | AR2: 20552.756 | AS2: ASMA | AT2: 18
A3: CPI_83 | B3: TRABAJO SOCIAL PRIMERA VEZ/PROGRAMAS | C3: Consultas | D3: 1 | E3: 17887.389 | G3: 0 | I3: 0 | K3: 0 | M3: 0 | O3: 0 | Q3: 0 | S3: 0 | U3: 0 | W3: 0 | Y3: 0 | AA3: 0 | AC3: 0 | AE3: 0 | AG3: 0 | AI3: 0 | AK3: 0 | AM3: 0 | AN3: 17887.389 | AO3: 1 | AP3: FIJO | AQ3: 1 | AR3: 17887.389 | AS3: ASMA | AT3: 18
A4: CPI_84 | B4: TRABAJO SOCIAL CONTROL/PROGRAMAS | C4: Consultas | E4: 0 | G4: 0 | I4: 0 | K4: 0 | M4: 0 | O4: 0 | Q4: 0 | S4: 0 | U4: 0 | W4: 0 | Y4: 0 | AA4: 0 | AC4: 0 | AE4: 0 | AG4: 0 | AI4: 0 | AK4: 0 | AL4: 1 | AM4: 17887.389 | AN4: 17887.389 | AO4: 1 | AP4: FIJO | AQ4: 1 | AR4: 17887.389 | AS4: ASMA | AT4: 18
A5: CPI_85 | B5: INTERVENCIoN DOMICILIARIA TRABAJO SOCIAL/PROGRAMAS (Segun indicacion medica) | C5: Gestion y seguimiento | E5: 0 | G5: 0 | H5: 1 | I5: 17887.389 | K5: 0 | M5: 0 | O5: 0 | Q5: 0 | S5: 0 | U5: 0 | W5: 0 | Y5: 0 | AA5: 0 | AC5: 0 | AE5: 0 | AG5: 0 | AI5: 0 | AK5: 0 | AM5: 0 | AN5: 17887.389 | AO5: 1 | AP5: FIJO | AQ5: 1 | AR5: 17887.389 | AS5: ASMA | AT5: 18
A6: CPI_10 | B6: CONTACTO DE SEGUIMIENTO Y/O TELEFONICO / PROGRAMAS | C6: Gestion y seguimiento | D6: 1 | E6: 15634.853 | F6: 1 | G6: 15634.853 | H6: 1 | I6: 15634.853 | K6: 0 | M6: 0 | N6: 1 | O6: 15634.853 | Q6: 0 | S6: 0 | T6: 1 | U6: 15634.853 | W6: 0 | Y6: 0 | Z6: 1 | AA6: 15634.853 | AC6: 0 | AE6: 0 | AG6: 0 | AI6: 0 | AK6: 0 | AL6: 1 | AM6: 15634.853 | AN6: 109443.97 | AO6: 7 | AP6: FIJO | AQ6: 1 | AR6: 109443.97 | AS6: ASMA | AT6: 18
A7: CPI_09 | B7: ACTIVIDAD EDUCATIVA / PROGRAMAS | C7: Educacion | D7: 1 | E7: 10832.306 | F7: 1 | G7: 10832.306 | H7: 1 | I7: 10832.306 | J7: 1 | K7: 10832.306 | L7: 1 | M7: 10832.306 | N7: 1 | O7: 10832.306 | P7: 1 | Q7: 10832.306 | R7: 1 | S7: 10832.306 | T7: 1 | U7: 10832.306 | V7: 1 | W7: 10832.306 | X7: 1 | Y7: 10832.306 | Z7: 1 | AA7: 10832.306 | AB7: 1 | AC7: 10832.306 | AD7: 1 | AE7: 10832.306 | AF7: 1 | AG7: 10832.306 | AH7: 1 | AI7: 10832.306 | AJ7: 1 | AK7: 10832.306 | AL7: 1 | AM7: 10832.306 | AN7: 194981.5 | AO7: 18 | AP7: FIJO | AQ7: 1 | AR7: 194981.5 | AS7: ASMA | AT7: 18
A8: CPI_74 | B8: NUTRICION PRIMERA VEZ / PROGRAMAS | C8: Consultas | D8: 1 | E8: 20406.133 | G8: 0 | I8: 0 | K8: 0 | M8: 0 | O8: 0 | Q8: 0 | S8: 0 | U8: 0 | W8: 0 | Y8: 0 | AA8: 0 | AC8: 0 | AE8: 0 | AG8: 0 | AI8: 0 | AK8: 0 | AM8: 0 | AN8: 20406.133 | AO8: 1 | AP8: FIJO | AQ8: 1 | AR8: 20406.133 | AS8: ASMA | AT8: 18
A9: CPI_76 | B9: PSICOLOGIA PRIMERA VEZ / PROGRAMAS | C9: Consultas | D9: 1 | E9: 18768.368 | G9: 0 | I9: 0 | K9: 0 | M9: 0 | O9: 0 | Q9: 0 | S9: 0 | U9: 0 | W9: 0 | Y9: 0 | AA9: 0 | AC9: 0 | AE9: 0 | AG9: 0 | AI9: 0 | AK9: 0 | AM9: 0 | AN9: 18768.368 | AO9: 1 | AP9: FIJO | AQ9: 1 | AR9: 18768.368 | AS9: ASMA | AT9: 18
A10: CPI_81 | B10: FISIOTERAPIA PRIMERA VEZ / PROGRAMAS | C10: Consultas | E10: 0 | G10: 0 | H10: 1 | I10: 21404.19 | K10: 0 | M10: 0 | O10: 0 | Q10: 0 | S10: 0 | U10: 0 | W10: 0 | Y10: 0 | AA10: 0 | AC10: 0 | AE10: 0 | AG10: 0 | AI10: 0 | AK10: 0 | AM10: 0 | AN10: 21404.19 | AO10: 1 | AP10: FIJO | AQ10: 1 | AR10: 21404.19 | AS10: ASMA | AT10: 18
A11: CPI_03 | B11: REHABILITACION CONTROL / PROGRAMAS (1, 2 o 3 Sesiones semana) | C11: Terapias | E11: 0 | G11: 0 | H11: 8 | I11: 70240.959 | J11: 8 | K11: 70240.959 | L11: 8 | M11: 70240.959 | N11: 8 | O11: 70240.959 | P11: 8 | Q11: 70240.959 | R11: 8 | S11: 70240.959 | T11: 8 | U11: 70240.959 | V11: 8 | W11: 70240.959 | X11: 8 | Y11: 70240.959 | Z11: 8 | AA11: 70240.959 | AB11: 8 | AC11: 70240.959 | AD11: 8 | AE11: 70240.959 | AF11: 8 | AG11: 70240.959 | AH11: 8 | AI11: 70240.959 | AJ11: 8 | AK11: 70240.959 | AL11: 8 | AM11: 70240.959 | AN11: 1123855.3 | AO11: 128 | AP11: FIJO | AQ11: 1 | AR11: 1123855.3 | AS11: ASMA | AT11: 18
A12: CPI_75 | B12: NUTRICION CONTROL / PROGRAMAS | C12: Consultas | E12: 0 | G12: 0 | I12: 0 | K12: 0 | M12: 0 | O12: 0 | Q12: 0 | S12: 0 | U12: 0 | W12: 0 | Y12: 0 | AA12: 0 | AC12: 0 | AE12: 0 | AG12: 0 | AI12: 0 | AK12: 0 | AL12: 1 | AM12: 22052.521 | AN12: 22052.521 | AO12: 1 | AP12: FIJO | AQ12: 1 | AR12: 22052.521 | AS12: ASMA | AT12: 18
A13: CPI_77 | B13: PSICOLOGIA CONTROL / PROGRAMAS | C13: Consultas | E13: 0 | G13: 0 | I13: 0 | K13: 0 | M13: 0 | O13: 0 | Q13: 0 | S13: 0 | U13: 0 | W13: 0 | Y13: 0 | AA13: 0 | AC13: 0 | AE13: 0 | AG13: 0 | AI13: 0 | AK13: 0 | AL13: 1 | AM13: 20414.756 | AN13: 20414.756 | AO13: 1 | AP13: FIJO | AQ13: 1 | AR13: 20414.756 | AS13: ASMA | AT13: 18
A14: CPI_15 | B14: ESPIROMETRIA PRE Y POST BRONCODILATADORES / PROGRAMAS | C14: Diagnosticos | D14: 1 | E14: 43480.817 | G14: 0 | I14: 0 | K14: 0 | M14: 0 | O14: 0 | Q14: 0 | S14: 0 | U14: 0 | W14: 0 | Y14: 0 | AA14: 0 | AC14: 0 | AE14: 0 | AG14: 0 | AI14: 0 | AK14: 0 | AL14: 1 | AM14: 43480.817 | AN14: 86961.634 | AO14: 2 | AP14: FIJO | AQ14: 1 | AR14: 86961.634 | AS14: ASMA | AT14: 18
A15: CPI_28 | B15: CAMINATA 6 MINUTOS / PROGRAMAS | C15: Diagnosticos | E15: 0 | G15: 0 | H15: 1 | I15: 32117.317 | K15: 0 | M15: 0 | O15: 0 | Q15: 0 | S15: 0 | U15: 0 | W15: 0 | Y15: 0 | AA15: 0 | AC15: 0 | AE15: 0 | AG15: 0 | AI15: 0 | AK15: 0 | AL15: 1 | AM15: 32117.317 | AN15: 64234.635 | AO15: 2 | AP15: FIJO | AQ15: 1 | AR15: 64234.635 | AS15: ASMA | AT15: 18
A16: CPI_21 | B16: FRACCIóN EXHALADA DE óxido NíTRICO (FeNo) / PROGRAMAS | C16: Diagnosticos | D16: 1 | E16: 37683.908 | G16: 0 | I16: 0 | K16: 0 | M16: 0 | O16: 0 | Q16: 0 | S16: 0 | U16: 0 | W16: 0 | Y16: 0 | AA16: 0 | AC16: 0 | AE16: 0 | AG16: 0 | AI16: 0 | AK16: 0 | AM16: 0 | AN16: 37683.908 | AO16: 1 | AP16: PROBABILISTICO | AQ16: 0.13116124 | AR16: 4942.668 | AS16: ASMA | AT16: 18
A17: CPI_22 | B17: VOLUMENES PULMONARES POR PLETISMOGRAFIA PRE Y POST BRONCODILATADORES / PROGRAMAS | C17: Diagnosticos | D17: 1 | E17: 65169.207 | G17: 0 | I17: 0 | K17: 0 | M17: 0 | O17: 0 | Q17: 0 | S17: 0 | U17: 0 | W17: 0 | Y17: 0 | AA17: 0 | AC17: 0 | AE17: 0 | AG17: 0 | AI17: 0 | AK17: 0 | AM17: 0 | AN17: 65169.207 | AO17: 1 | AP17: PROBABILISTICO | AQ17: 0.020885547 | AR17: 1361.0946 | AS17: ASMA | AT17: 18
A18: CPI_26 | B18: CAPACIDAD DE DIFUSION / PROGRAMAS | C18: Diagnosticos | D18: 1 | E18: 68748.387 | G18: 0 | I18: 0 | K18: 0 | M18: 0 | O18: 0 | Q18: 0 | S18: 0 | U18: 0 | W18: 0 | Y18: 0 | AA18: 0 | AC18: 0 | AE18: 0 | AG18: 0 | AI18: 0 | AK18: 0 | AM18: 0 | AN18: 68748.387 | AO18: 1 | AP18: PROBABILISTICO | AQ18: 0.015037594 | AR18: 1033.8103 | AS18: ASMA | AT18: 18
A19: CPI_18 | B19: CONSULTA CONTROL ALERGOLOGIA / PROGRAMAS (Segun indicacion medica) | C19: Consultas | D19: 1 | E19: 85060.599 | G19: 0 | I19: 0 | K19: 0 | M19: 0 | O19: 0 | Q19: 0 | S19: 0 | U19: 0 | W19: 0 | Y19: 0 | AA19: 0 | AC19: 0 | AE19: 0 | AG19: 0 | AI19: 0 | AK19: 0 | AM19: 0 | AN19: 85060.599 | AO19: 1 | AP19: PROBABILISTICO | AQ19: 0.29741019 | AR19: 25297.889 | AS19: ASMA | AT19: 18
A20: CPI_20 | B20: Prick Test / PROGRAMAS | C20: Diagnosticos | D20: 1 | E20: 76461.627 | G20: 0 | I20: 0 | K20: 0 | M20: 0 | O20: 0 | Q20: 0 | S20: 0 | U20: 0 | W20: 0 | Y20: 0 | AA20: 0 | AC20: 0 | AE20: 0 | AG20: 0 | AI20: 0 | AK20: 0 | AM20: 0 | AN20: 76461.627 | AO20: 1 | AP20: FIJO | AQ20: 1 | AR20: 76461.627 | AS20: ASMA | AT20: 18
A21: CPI_13 | B21: CONSULTA PRIMERA VEZ NEUMOLOGIA PEDIATRICA / PROGRAMAS | C21: Consultas | D21: 1 | E21: 83398.099 | G21: 0 | I21: 0 | K21: 0 | M21: 0 | O21: 0 | Q21: 0 | S21: 0 | U21: 0 | W21: 0 | Y21: 0 | AA21: 0 | AC21: 0 | AE21: 0 | AG21: 0 | AI21: 0 | AK21: 0 | AM21: 0 | AN21: 83398.099 | AO21: 1 | AP21: PROBABILISTICO | AQ21: 0.021720969 | AR21: 1811.4875 | AS21: ASMA | AT21: 18
A22: CPI_14 | B22: CONSULTA CONTROL NEUMOLOGIA PEDIATRICA / PROGRAMAS (Segun indicacion medica) | C22: Consultas | E22: 0 | G22: 0 | I22: 0 | K22: 0 | M22: 0 | O22: 0 | Q22: 0 | S22: 0 | U22: 0 | W22: 0 | Y22: 0 | AA22: 0 | AC22: 0 | AE22: 0 | AG22: 0 | AI22: 0 | AK22: 0 | AL22: 1 | AM22: 77398.099 | AN22: 77398.099 | AO22: 1 | AP22: PROBABILISTICO | AQ22: 0.71345029 | AR22: 55219.696 | AS22: ASMA | AT22: 18
A23: CPI_12 | B23: CONSULTA CONTROL NEUMOLOGIA ADULTO / PROGRAMAS (Segun indicacion medica) | C23: Consultas | E23: 0 | G23: 0 | I23: 0 | K23: 0 | M23: 0 | N23: 1 | O23: 67398.099 | Q23: 0 | S23: 0 | U23: 0 | W23: 0 | Y23: 0 | Z23: 1 | AA23: 67398.099 | AC23: 0 | AE23: 0 | AG23: 0 | AI23: 0 | AK23: 0 | AL23: 1 | AM23: 67398.099 | AN23: 202194.3 | AO23: 3 | AP23: FIJO | AQ23: 1 | AR23: 202194.3 | AS23: ASMA | AT23: 18
A24: CPI_11 | B24: CONSULTA PRIMERA VEZ NEUMOLOGIA ADULTO / PROGRAMAS | C24: Consultas | D24: 1 | E24: 67398.099 | G24: 0 | I24: 0 | K24: 0 | M24: 0 | O24: 0 | Q24: 0 | S24: 0 | U24: 0 | W24: 0 | Y24: 0 | AA24: 0 | AC24: 0 | AE24: 0 | AG24: 0 | AI24: 0 | AK24: 0 | AM24: 0 | AN24: 67398.099 | AO24: 1 | AP24: FIJO | AQ24: 1 | AR24: 67398.099 | AS24: ASMA | AT24: 18
A25: CPI_80 | B25: ENFERMERIA CONTROL / PROGRAMAS | C25: Consultas | E25: 0 | G25: 0 | I25: 0 | K25: 0 | M25: 0 | O25: 0 | Q25: 0 | S25: 0 | U25: 0 | W25: 0 | Y25: 0 | AA25: 0 | AC25: 0 | AE25: 0 | AG25: 0 | AI25: 0 | AK25: 0 | AL25: 1 | AM25: 21014.397 | AN25: 21014.397 | AO25: 1 | AP25: FIJO | AQ25: 0.72598162 | AR25: 15256.066 | AS25: ASMA | AT25: 18
A26: CPI_33 | B26: CONTROL TERAPIA RESPIRATORIA/ PROGRAMAS (Segun indicacion medica) | C26: Terapias | D26: 1 | E26: 31714.221 | G26: 0 | I26: 0 | K26: 0 | M26: 0 | O26: 0 | Q26: 0 | S26: 0 | U26: 0 | W26: 0 | Y26: 0 | AA26: 0 | AC26: 0 | AE26: 0 | AG26: 0 | AI26: 0 | AK26: 0 | AM26: 0 | AN26: 31714.221 | AO26: 1 | AP26: PROBABILISTICO | AQ26: 0.1144528 | AR26: 3629.7813 | AS26: ASMA | AT26: 18
A27: CPI_32 | B27: PRIMERA VEZ TERAPIA RESPIRATORIA/ PROGRAMAS (Segun indicacion medica) | C27: Terapias | D27: 1 | E27: 31714.221 | G27: 0 | I27: 0 | K27: 0 | M27: 0 | O27: 0 | Q27: 0 | S27: 0 | U27: 0 | W27: 0 | Y27: 0 | AA27: 0 | AC27: 0 | AE27: 0 | AG27: 0 | AI27: 0 | AK27: 0 | AM27: 0 | AN27: 31714.221 | AO27: 1 | AP27: PROBABILISTICO | AQ27: 0.055973266 | AR27: 1775.1485 | AS27: ASMA | AT27: 18
A28: CPI_24 | B28: OSCILOMETRIA DE IMPULSO / PROGRAMAS (Pacientes que no logran realizar espirometria) | C28: Diagnosticos | D28: 1 | E28: 67391.282 | G28: 0 | I28: 0 | K28: 0 | M28: 0 | O28: 0 | Q28: 0 | S28: 0 | U28: 0 | W28: 0 | Y28: 0 | AA28: 0 | AC28: 0 | AE28: 0 | AG28: 0 | AI28: 0 | AK28: 0 | AM28: 0 | AN28: 67391.282 | AO28: 1 | AP28: PROBABILISTICO | AQ28: 0.055973266 | AR28: 3772.1102 | AS28: ASMA | AT28: 18
A29: CPI_30 | B29: PARTICIPACIoN JUNTA MEDICA/ PROGRAMAS (Segun indicacion medica) | C29: Gestion y seguimiento | E29: 0 | G29: 0 | I29: 0 | K29: 0 | M29: 0 | N29: 1 | O29: 145259.19 | Q29: 0 | S29: 0 | U29: 0 | W29: 0 | Y29: 0 | AA29: 0 | AC29: 0 | AE29: 0 | AG29: 0 | AI29: 0 | AK29: 0 | AM29: 0 | AN29: 145259.19 | AO29: 1 | AP29: PROBABILISTICO | AQ29: 0.035087719 | AR29: 5096.8138 | AS29: ASMA | AT29: 18
A30: CPI_06 | B30: CONSULTA PRIORITARIA/ PROGRAMAS (Todas las que requiera el paciente) | C30: Consultas | E30: 0 | G30: 0 | I30: 0 | K30: 0 | M30: 0 | O30: 0 | P30: 1 | Q30: 56420.693 | S30: 0 | U30: 0 | W30: 0 | Y30: 0 | AA30: 0 | AC30: 0 | AE30: 0 | AG30: 0 | AI30: 0 | AK30: 0 | AM30: 0 | AN30: 56420.693 | AO30: 1 | AP30: PROBABILISTICO | AQ30: 0.46031746 | AR30: 25971.43 | AS30: ASMA | AT30: 18
A31: CPI_78 | B31: CONSULTA PRIMERA VEZ MEDICINA GENERAL / PROGRAMAS | C31: Consultas | D31: 1 | E31: 18146.718 | G31: 0 | I31: 0 | K31: 0 | M31: 0 | O31: 0 | Q31: 0 | S31: 0 | U31: 0 | W31: 0 | Y31: 0 | AA31: 0 | AC31: 0 | AE31: 0 | AG31: 0 | AI31: 0 | AK31: 0 | AM31: 0 | AN31: 18146.718 | AO31: 1 | AP31: PROBABILISTICO | AQ31: 0.0025062657 | AR31: 45.480496 | AS31: ASMA | AT31: 18
A32: CPI_86 | B32: DEPORTOLOGIA PRIMERA VEZ/PROGRAMAS (solo si se requiere) | C32: Consultas | D32: 1 | E32: 60236.093 | G32: 0 | I32: 0 | K32: 0 | M32: 0 | O32: 0 | Q32: 0 | S32: 0 | U32: 0 | W32: 0 | Y32: 0 | AA32: 0 | AC32: 0 | AE32: 0 | AG32: 0 | AI32: 0 | AK32: 0 | AM32: 0 | AN32: 60236.093 | AO32: 1 | AP32: PROBABILISTICO | AQ32: 0.025062657 | AR32: 1509.6765 | AS32: ASMA | AT32: 18
A33: CPI_87 | B33: DEPORTOLOGIA CONTROL/PROGRAMAS (solo si se requiere) | C33: Consultas | E33: 0 | G33: 0 | I33: 0 | K33: 0 | M33: 0 | O33: 0 | P33: 1 | Q33: 62748.232 | S33: 0 | U33: 0 | W33: 0 | Y33: 0 | AA33: 0 | AC33: 0 | AE33: 0 | AG33: 0 | AI33: 0 | AK33: 0 | AM33: 0 | AN33: 62748.232 | AO33: 1 | AP33: PROBABILISTICO | AQ33: 0.0083542189 | AR33: 524.21247 | AS33: ASMA | AT33: 18
A34: CPI_88 | B34: DEPORTOLOGIA EGRESO/PROGRAMAS (solo si se requiere) | C34: Consultas | E34: 0 | G34: 0 | I34: 0 | K34: 0 | M34: 0 | O34: 0 | Q34: 0 | S34: 0 | U34: 0 | W34: 0 | Y34: 0 | AA34: 0 | AC34: 0 | AE34: 0 | AG34: 0 | AI34: 0 | AK34: 0 | AL34: 1 | AM34: 62748.232 | AN34: 62748.232 | AO34: 1 | AP34: PROBABILISTICO | AQ34: 0 | AR34: 0 | AS34: ASMA | AT34: 18
A35: CPI_31 | B35: REHABILITACIoN EGRESO / PROGRAMAS | C35: Terapias | E35: 0 | G35: 0 | I35: 0 | K35: 0 | M35: 0 | O35: 0 | Q35: 0 | S35: 0 | U35: 0 | W35: 0 | Y35: 0 | AA35: 0 | AC35: 0 | AE35: 0 | AG35: 0 | AI35: 0 | AK35: 0 | AL35: 1 | AM35: 31881.452 | AN35: 31881.452 | AO35: 1 | AP35: FIJO | AQ35: 1 | AR35: 31881.452 | AS35: ASMA | AT35: 18
A36: CPI_02 | B36: REHABILITACION INGRESO / PROGRAMAS | C36: Terapias | E36: 0 | G36: 0 | H36: 1 | I36: 31881.452 | K36: 0 | M36: 0 | O36: 0 | Q36: 0 | S36: 0 | U36: 0 | W36: 0 | Y36: 0 | AA36: 0 | AC36: 0 | AE36: 0 | AG36: 0 | AI36: 0 | AK36: 0 | AM36: 0 | AN36: 31881.452 | AO36: 1 | AP36: FIJO | AQ36: 1 | AR36: 31881.452 | AS36: ASMA | AT36: 18
A37: CPI_79 | B37: CONSULTA CONTROL MEDICINA GENERAL / PROGRAMAS (Todas las que requiera el paciente) | C37: Consultas | E37: 0 | G37: 0 | I37: 0 | K37: 0 | M37: 0 | O37: 0 | Q37: 0 | S37: 0 | U37: 0 | W37: 0 | Y37: 0 | AA37: 0 | AC37: 0 | AE37: 0 | AG37: 0 | AI37: 0 | AK37: 0 | AM37: 0 | AN37: 0 | AO37: 0 | AP37: PROBABILISTICO | AQ37: 0 | AR37: 0 | AS37: ASMA | AT37: 18
A38: CPI_23 | B38: PRUEBA DE BRONCOPROVOCACIÓN ESPECÍFICA (ALERGENO) O INESPECÍFICA | C38: Diagnosticos | D38: 1 | E38: 232601.87 | G38: 0 | I38: 0 | K38: 0 | M38: 0 | O38: 0 | Q38: 0 | S38: 0 | U38: 0 | W38: 0 | Y38: 0 | AA38: 0 | AC38: 0 | AE38: 0 | AG38: 0 | AI38: 0 | AK38: 0 | AM38: 0 | AN38: 232601.87 | AO38: 1 | AP38: PROBABILISTICO | AQ38: 0.015037594 | AR38: 3497.7725 | AS38: ASMA | AT38: 18
A39: CPI_19 | B39: CONSULTA PRIMERA VEZ ALERGOLOGIA / PROGRAMAS | C39: Consultas | D39: 1 | E39: 85060.599 | G39: 0 | I39: 0 | K39: 0 | M39: 0 | O39: 0 | Q39: 0 | S39: 0 | U39: 0 | W39: 0 | Y39: 0 | AA39: 0 | AC39: 0 | AE39: 0 | AG39: 0 | AI39: 0 | AK39: 0 | AM39: 0 | AN39: 85060.599 | AO39: 1 | AP39: FIJO | AQ39: 1 | AR39: 85060.599 | AS39: ASMA | AT39: 18
A40: CPI_72 | B40: CONSULTA ESPECIALIZADA PRIMERA VEZ REHABILITACIoN/PROGRAMAS | C40: Consultas | D40: 1 | E40: 26897.08 | G40: 0 | I40: 0 | K40: 0 | M40: 0 | O40: 0 | Q40: 0 | S40: 0 | U40: 0 | W40: 0 | Y40: 0 | AA40: 0 | AC40: 0 | AE40: 0 | AG40: 0 | AI40: 0 | AK40: 0 | AM40: 0 | AN40: 26897.08 | AO40: 1 | AP40: PROBABILISTICO | AQ40: 0 | AR40: 0 | AS40: ASMA | AT40: 18
A41: CPI_73 | B41: CONSULTA ESPECIALIZADA CONTROL REHABILITACIoN/PROGRAMAS (Segun indicacion medica) | C41: Consultas | D41: 1 | E41: 26897.08 | G41: 0 | I41: 0 | K41: 0 | M41: 0 | O41: 0 | Q41: 0 | S41: 0 | U41: 0 | W41: 0 | Y41: 0 | AA41: 0 | AC41: 0 | AE41: 0 | AG41: 0 | AI41: 0 | AK41: 0 | AM41: 0 | AN41: 26897.08 | AO41: 1 | AP41: PROBABILISTICO | AQ41: 0.0016708438 | AR41: 44.940818 | AS41: ASMA | AT41: 18
A42: MED | B42: MEDICAMENTOS | C42: Medicamentos | AP42: FIJO | AS42: ASMA | AT42: 18
A43: CPI_01 | B43: INGRESO PROGRAMAS INTEGRALES | C43: Gestion y seguimiento | D43: 1 | E43: 20552.756 | G43: 0 | I43: 0 | K43: 0 | M43: 0 | O43: 0 | Q43: 0 | S43: 0 | U43: 0 | W43: 0 | Y43: 0 | AA43: 0 | AC43: 0 | AE43: 0 | AG43: 0 | AI43: 0 | AK43: 0 | AM43: 0 | AN43: 20552.756 | AO43: 1 | AP43: FIJO | AQ43: 1 | AR43: 20552.756 | AS43: HIPERTENCION PULMONAR | AT43: 18
A44: CPI_10 | B44: CONTACTO DE SEGUIMIENTO Y/O TELEFONICO / PROGRAMAS | C44: Gestion y seguimiento | D44: 1 | E44: 15634.853 | F44: 1 | G44: 15634.853 | H44: 1 | I44: 15634.853 | J44: 1 | K44: 15634.853 | L44: 1 | M44: 15634.853 | N44: 1 | O44: 15634.853 | P44: 1 | Q44: 15634.853 | R44: 1 | S44: 15634.853 | T44: 1 | U44: 15634.853 | V44: 1 | W44: 15634.853 | X44: 1 | Y44: 15634.853 | Z44: 1 | AA44: 15634.853 | AB44: 1 | AC44: 15634.853 | AD44: 1 | AE44: 15634.853 | AF44: 1 | AG44: 15634.853 | AH44: 1 | AI44: 15634.853 | AJ44: 1 | AK44: 15634.853 | AL44: 1 | AM44: 15634.853 | AN44: 281427.35 | AO44: 18 | AP44: FIJO | AQ44: 1 | AR44: 281427.35 | AS44: HIPERTENCION PULMONAR | AT44: 18
A45: CPI_03 | B45: REHABILITACION CONTROL / PROGRAMAS (1, 2 o 3 Sesiones semana) | C45: Terapias | G45: 0 | H45: 8 | I45: 70240.959 | J45: 8 | K45: 70240.959 | L45: 8 | M45: 70240.959 | N45: 8 | O45: 70240.959 | P45: 8 | Q45: 70240.959 | R45: 8 | S45: 70240.959 | T45: 8 | U45: 70240.959 | V45: 8 | W45: 70240.959 | X45: 8 | Y45: 70240.959 | Z45: 8 | AA45: 70240.959 | AB45: 8 | AC45: 70240.959 | AD45: 8 | AE45: 70240.959 | AF45: 8 | AG45: 70240.959 | AH45: 8 | AI45: 70240.959 | AJ45: 8 | AK45: 70240.959 | AL45: 8 | AM45: 70240.959 | AN45: 1123855.3 | AO45: 128 | AP45: FIJO | AQ45: 1 | AR45: 1123855.3 | AS45: HIPERTENCION PULMONAR | AT45: 18
A46: CPI_75 | B46: NUTRICION CONTROL / PROGRAMAS | C46: Consultas | G46: 0 | I46: 0 | K46: 0 | M46: 0 | N46: 1 | O46: 22052.521 | Q46: 0 | S46: 0 | U46: 0 | W46: 0 | Y46: 0 | AA46: 0 | AC46: 0 | AE46: 0 | AG46: 0 | AI46: 0 | AK46: 0 | AL46: 1 | AM46: 22052.521 | AN46: 44105.042 | AO46: 2 | AP46: FIJO | AQ46: 1 | AR46: 44105.042 | AS46: HIPERTENCION PULMONAR | AT46: 18
A47: CPI_74 | B47: NUTRICION PRIMERA VEZ / PROGRAMAS | C47: Consultas | D47: 1 | E47: 20406.133 | G47: 0 | I47: 0 | K47: 0 | M47: 0 | O47: 0 | Q47: 0 | S47: 0 | U47: 0 | W47: 0 | Y47: 0 | AA47: 0 | AC47: 0 | AE47: 0 | AG47: 0 | AI47: 0 | AK47: 0 | AM47: 0 | AN47: 20406.133 | AO47: 1 | AP47: FIJO | AQ47: 1 | AR47: 20406.133 | AS47: HIPERTENCION PULMONAR | AT47: 18
A48: CPI_76 | B48: PSICOLOGIA PRIMERA VEZ / PROGRAMAS | C48: Consultas | D48: 1 | E48: 18768.368 | G48: 0 | I48: 0 | K48: 0 | M48: 0 | O48: 0 | Q48: 0 | S48: 0 | U48: 0 | W48: 0 | Y48: 0 | AA48: 0 | AC48: 0 | AE48: 0 | AG48: 0 | AI48: 0 | AK48: 0 | AM48: 0 | AN48: 18768.368 | AO48: 1 | AP48: FIJO | AQ48: 1 | AR48: 18768.368 | AS48: HIPERTENCION PULMONAR | AT48: 18
A49: CPI_77 | B49: PSICOLOGIA CONTROL / PROGRAMAS | C49: Consultas | G49: 0 | I49: 0 | K49: 0 | M49: 0 | N49: 1 | O49: 20414.756 | Q49: 0 | S49: 0 | U49: 0 | W49: 0 | Y49: 0 | AA49: 0 | AC49: 0 | AE49: 0 | AG49: 0 | AI49: 0 | AK49: 0 | AL49: 1 | AM49: 20414.756 | AN49: 40829.512 | AO49: 2 | AP49: FIJO | AQ49: 1 | AR49: 40829.512 | AS49: HIPERTENCION PULMONAR | AT49: 18
A50: CPI_06 | B50: CONSULTA PRIORITARIA/ PROGRAMAS (Todas las que requiera el paciente) | C50: Consultas | D50: 1 | E50: 56420.693 | G50: 0 | I50: 0 | K50: 0 | M50: 0 | O50: 0 | Q50: 0 | S50: 0 | U50: 0 | W50: 0 | Y50: 0 | AA50: 0 | AC50: 0 | AE50: 0 | AG50: 0 | AI50: 0 | AK50: 0 | AM50: 0 | AN50: 56420.693 | AO50: 1 | AP50: PROBABILISTICO | AQ50: 0.30593607 | AR50: 17261.125 | AS50: HIPERTENCION PULMONAR | AT50: 18
A51: CPI_16 | B51: CONSULTA PRIMERA VEZ CARDIOLOGIA / PROGRAMAS | C51: Consultas | D51: 1 | E51: 58766.154 | G51: 0 | I51: 0 | K51: 0 | M51: 0 | O51: 0 | Q51: 0 | S51: 0 | U51: 0 | W51: 0 | Y51: 0 | AA51: 0 | AC51: 0 | AE51: 0 | AG51: 0 | AI51: 0 | AK51: 0 | AM51: 0 | AN51: 58766.154 | AO51: 1 | AP51: PROBABILISTICO | AQ51: 0.15068493 | AR51: 8855.1739 | AS51: HIPERTENCION PULMONAR | AT51: 18
A52: CPI_17 | B52: CONSULTA CONTROL CARDIOLOGIA / PROGRAMAS (Segun indicacion medica) | C52: Consultas | D52: 1 | E52: 58766.154 | G52: 0 | I52: 0 | K52: 0 | M52: 0 | O52: 0 | Q52: 0 | S52: 0 | U52: 0 | W52: 0 | Y52: 0 | AA52: 0 | AC52: 0 | AE52: 0 | AG52: 0 | AI52: 0 | AK52: 0 | AM52: 0 | AN52: 58766.154 | AO52: 1 | AP52: PROBABILISTICO | AQ52: 1.2648402 | AR52: 74329.793 | AS52: HIPERTENCION PULMONAR | AT52: 18
A53: CPI_79 | B53: CONSULTA CONTROL MEDICINA GENERAL / PROGRAMAS (Todas las que requiera el paciente) | C53: Consultas | D53: 1 | E53: 18146.718 | G53: 0 | I53: 0 | K53: 0 | M53: 0 | O53: 0 | Q53: 0 | S53: 0 | U53: 0 | W53: 0 | Y53: 0 | AA53: 0 | AC53: 0 | AE53: 0 | AG53: 0 | AI53: 0 | AK53: 0 | AM53: 0 | AN53: 18146.718 | AO53: 1 | AP53: PROBABILISTICO | AQ53: 0.00065019506 | AR53: 11.798906 | AS53: HIPERTENCION PULMONAR | AT53: 18
A54: CPI_09 | B54: ACTIVIDAD EDUCATIVA / PROGRAMAS | C54: Educacion | D54: 1 | E54: 10832.306 | F54: 1 | G54: 10832.306 | H54: 1 | I54: 10832.306 | J54: 1 | K54: 10832.306 | L54: 1 | M54: 10832.306 | N54: 1 | O54: 10832.306 | P54: 1 | Q54: 10832.306 | R54: 1 | S54: 10832.306 | T54: 1 | U54: 10832.306 | V54: 1 | W54: 10832.306 | X54: 1 | Y54: 10832.306 | Z54: 1 | AA54: 10832.306 | AB54: 1 | AC54: 10832.306 | AD54: 1 | AE54: 10832.306 | AF54: 1 | AG54: 10832.306 | AH54: 1 | AI54: 10832.306 | AJ54: 1 | AK54: 10832.306 | AL54: 1 | AM54: 10832.306 | AN54: 194981.5 | AO54: 18 | AP54: FIJO | AQ54: 1 | AR54: 194981.5 | AS54: HIPERTENCION PULMONAR | AT54: 18
A55: CPI_15 | B55: ESPIROMETRIA PRE Y POST BRONCODILATADORES / PROGRAMAS | C55: Diagnosticos | D55: 1 | E55: 43480.817 | G55: 0 | I55: 0 | K55: 0 | M55: 0 | O55: 0 | Q55: 0 | S55: 0 | U55: 0 | W55: 0 | Y55: 0 | AA55: 0 | AC55: 0 | AE55: 0 | AG55: 0 | AI55: 0 | AK55: 0 | AL55: 1 | AM55: 43480.817 | AN55: 86961.634 | AO55: 2 | AP55: FIJO | AQ55: 1 | AR55: 86961.634 | AS55: HIPERTENCION PULMONAR | AT55: 18
A56: CPI_12 | B56: CONSULTA CONTROL NEUMOLOGIA ADULTO / PROGRAMAS (Segun indicacion medica) | C56: Consultas | D56: 1 | E56: 67398.099 | G56: 0 | I56: 0 | K56: 0 | M56: 0 | O56: 0 | Q56: 0 | S56: 0 | U56: 0 | W56: 0 | Y56: 0 | AA56: 0 | AC56: 0 | AE56: 0 | AG56: 0 | AI56: 0 | AK56: 0 | AM56: 0 | AN56: 67398.099 | AO56: 1 | AP56: PROBABILISTICO | AQ56: 2.6940639 | AR56: 181574.79 | AS56: HIPERTENCION PULMONAR | AT56: 18
A57: CPI_11 | B57: CONSULTA PRIMERA VEZ NEUMOLOGIA ADULTO / PROGRAMAS | C57: Consultas | D57: 1 | E57: 67398.099 | G57: 0 | I57: 0 | K57: 0 | M57: 0 | O57: 0 | Q57: 0 | S57: 0 | U57: 0 | W57: 0 | Y57: 0 | AA57: 0 | AC57: 0 | AE57: 0 | AG57: 0 | AI57: 0 | AK57: 0 | AM57: 0 | AN57: 67398.099 | AO57: 1 | AP57: PROBABILISTICO | AQ57: 0.1369863 | AR57: 9232.6162 | AS57: HIPERTENCION PULMONAR | AT57: 18
A58: CPI_02 | B58: REHABILITACION INGRESO / PROGRAMAS | C58: Terapias | G58: 0 | H58: 1 | I58: 31881.452 | K58: 0 | M58: 0 | O58: 0 | Q58: 0 | S58: 0 | U58: 0 | W58: 0 | Y58: 0 | AA58: 0 | AC58: 0 | AE58: 0 | AG58: 0 | AI58: 0 | AK58: 0 | AM58: 0 | AN58: 31881.452 | AO58: 1 | AP58: FIJO | AQ58: 1 | AR58: 31881.452 | AS58: HIPERTENCION PULMONAR | AT58: 18
A59: CPI_31 | B59: REHABILITACIoN EGRESO / PROGRAMAS | C59: Terapias | G59: 0 | I59: 0 | K59: 0 | M59: 0 | O59: 0 | Q59: 0 | S59: 0 | U59: 0 | W59: 0 | Y59: 0 | AA59: 0 | AC59: 0 | AE59: 0 | AG59: 0 | AI59: 0 | AK59: 0 | AL59: 1 | AM59: 31881.452 | AN59: 31881.452 | AO59: 1 | AP59: FIJO | AQ59: 1 | AR59: 31881.452 | AS59: HIPERTENCION PULMONAR | AT59: 18
A60: CPI_28 | B60: CAMINATA 6 MINUTOS / PROGRAMAS | C60: Diagnosticos | G60: 0 | H60: 1 | I60: 32117.317 | K60: 0 | M60: 0 | O60: 0 | Q60: 0 | S60: 0 | U60: 0 | W60: 0 | Y60: 0 | AA60: 0 | AC60: 0 | AE60: 0 | AG60: 0 | AI60: 0 | AK60: 0 | AL60: 1 | AM60: 32117.317 | AN60: 64234.635 | AO60: 2 | AP60: FIJO | AQ60: 1 | AR60: 64234.635 | AS60: HIPERTENCION PULMONAR | AT60: 18
A61: CPI_30 | B61: PARTICIPACIoN JUNTA MEDICA/ PROGRAMAS (Segun indicacion medica) | C61: Gestion y seguimiento | G61: 0 | I61: 0 | K61: 0 | M61: 0 | N61: 1 | O61: 145259.19 | Q61: 0 | S61: 0 | U61: 0 | W61: 0 | Y61: 0 | AA61: 0 | AC61: 0 | AE61: 0 | AG61: 0 | AI61: 0 | AK61: 0 | AM61: 0 | AN61: 145259.19 | AO61: 1 | AP61: PROBABILISTICO | AQ61: 0.10958904 | AR61: 15918.816 | AS61: HIPERTENCION PULMONAR | AT61: 18
A62: CPI_78 | B62: CONSULTA PRIMERA VEZ MEDICINA GENERAL / PROGRAMAS | C62: Consultas | D62: 1 | E62: 18146.718 | G62: 0 | I62: 0 | K62: 0 | M62: 0 | O62: 0 | Q62: 0 | S62: 0 | U62: 0 | W62: 0 | Y62: 0 | AA62: 0 | AC62: 0 | AE62: 0 | AG62: 0 | AI62: 0 | AK62: 0 | AM62: 0 | AN62: 18146.718 | AO62: 1 | AP62: FIJO | AQ62: 1 | AR62: 18146.718 | AS62: HIPERTENCION PULMONAR | AT62: 18
A63: CPI_14 | B63: CONSULTA CONTROL NEUMOLOGIA PEDIATRICA / PROGRAMAS (Segun indicacion medica) | C63: Consultas | D63: 1 | E63: 77398.099 | G63: 0 | I63: 0 | K63: 0 | M63: 0 | O63: 0 | Q63: 0 | S63: 0 | U63: 0 | W63: 0 | Y63: 0 | AA63: 0 | AC63: 0 | AE63: 0 | AG63: 0 | AI63: 0 | AK63: 0 | AM63: 0 | AN63: 77398.099 | AO63: 1 | AP63: PROBABILISTICO | AQ63: 0.03196347 | AR63: 2473.9118 | AS63: HIPERTENCION PULMONAR | AT63: 18
A64: CPI_13 | B64: CONSULTA PRIMERA VEZ NEUMOLOGIA PEDIATRICA / PROGRAMAS | C64: Consultas | D64: 1 | E64: 83398.099 | G64: 0 | I64: 0 | K64: 0 | M64: 0 | O64: 0 | Q64: 0 | S64: 0 | U64: 0 | W64: 0 | Y64: 0 | AA64: 0 | AC64: 0 | AE64: 0 | AG64: 0 | AI64: 0 | AK64: 0 | AM64: 0 | AN64: 83398.099 | AO64: 1 | AP64: FIJO | AQ64: 1 | AR64: 83398.099 | AS64: HIPERTENCION PULMONAR | AT64: 18
A65: CPI_72 | B65: CONSULTA ESPECIALIZADA PRIMERA VEZ REHABILITACIoN/PROGRAMAS | C65: Consultas | D65: 1 | E65: 26897.08 | G65: 0 | I65: 0 | K65: 0 | M65: 0 | O65: 0 | Q65: 0 | S65: 0 | U65: 0 | W65: 0 | Y65: 0 | AA65: 0 | AC65: 0 | AE65: 0 | AG65: 0 | AI65: 0 | AK65: 0 | AM65: 0 | AN65: 26897.08 | AO65: 1 | AP65: FIJO | AQ65: 1 | AR65: 26897.08 | AS65: HIPERTENCION PULMONAR | AT65: 18
A66: CPI_73 | B66: CONSULTA ESPECIALIZADA CONTROL REHABILITACIoN/PROGRAMAS (Segun indicacion medica) | C66: Consultas | D66: 1 | E66: 26897.08 | G66: 0 | I66: 0 | K66: 0 | M66: 0 | O66: 0 | Q66: 0 | S66: 0 | U66: 0 | W66: 0 | Y66: 0 | AA66: 0 | AC66: 0 | AE66: 0 | AG66: 0 | AI66: 0 | AK66: 0 | AM66: 0 | AN66: 26897.08 | AO66: 1 | AP66: PROBABILISTICO | AQ66: 0.00456621 | AR66: 122.81772 | AS66: HIPERTENCION PULMONAR | AT66: 18
A67: CPI_83 | B67: TRABAJO SOCIAL PRIMERA VEZ/PROGRAMAS | C67: Consultas | D67: 1 | E67: 17887.389 | G67: 0 | I67: 0 | K67: 0 | M67: 0 | O67: 0 | Q67: 0 | S67: 0 | U67: 0 | W67: 0 | Y67: 0 | AA67: 0 | AC67: 0 | AE67: 0 | AG67: 0 | AI67: 0 | AK67: 0 | AM67: 0 | AN67: 17887.389 | AO67: 1 | AP67: FIJO | AQ67: 1 | AR67: 17887.389 | AS67: HIPERTENCION PULMONAR | AT67: 18
A68: CPI_84 | B68: TRABAJO SOCIAL CONTROL/PROGRAMAS | C68: Consultas | G68: 0 | I68: 0 | K68: 0 | M68: 0 | O68: 0 | Q68: 0 | S68: 0 | U68: 0 | W68: 0 | Y68: 0 | AA68: 0 | AC68: 0 | AE68: 0 | AG68: 0 | AI68: 0 | AK68: 0 | AL68: 1 | AM68: 17887.389 | AN68: 17887.389 | AO68: 1 | AP68: PROBABILISTICO | AQ68: 0.04109589 | AR68: 735.09817 | AS68: HIPERTENCION PULMONAR | AT68: 18
A69: CPI_24 | B69: OSCILOMETRIA DE IMPULSO / PROGRAMAS (Pacientes que no logran realizar espirometria) | C69: Diagnosticos | D69: 1 | E69: 67391.282 | G69: 0 | I69: 0 | K69: 0 | M69: 0 | O69: 0 | Q69: 0 | S69: 0 | U69: 0 | W69: 0 | Y69: 0 | AA69: 0 | AC69: 0 | AE69: 0 | AG69: 0 | AI69: 0 | AK69: 0 | AL69: 1 | AM69: 67391.282 | AN69: 134782.56 | AO69: 2 | AP69: PROBABILISTICO | AQ69: 0.00456621 | AR69: 615.44549 | AS69: HIPERTENCION PULMONAR | AT69: 18
A70: CPI_80 | B70: ENFERMERIA CONTROL / PROGRAMAS | C70: Consultas | G70: 0 | I70: 0 | K70: 0 | M70: 0 | O70: 0 | Q70: 0 | S70: 0 | U70: 0 | W70: 0 | Y70: 0 | AA70: 0 | AC70: 0 | AE70: 0 | AG70: 0 | AI70: 0 | AK70: 0 | AL70: 1 | AM70: 21014.397 | AN70: 21014.397 | AO70: 1 | AP70: FIJO | AQ70: 1 | AR70: 21014.397 | AS70: HIPERTENCION PULMONAR | AT70: 18
A71: MED | B71: MEDICAMENTOS | C71: Medicamentos | AP71: FIJO | AS71: HIPERTENCION PULMONAR | AT71: 18
A72: CPI_01 | B72: INGRESO PROGRAMAS INTEGRALES | C72: Gestion y seguimiento | D72: 1 | E72: 20552.756 | G72: 0 | I72: 0 | K72: 0 | M72: 0 | O72: 0 | Q72: 0 | S72: 0 | U72: 0 | W72: 0 | Y72: 0 | AA72: 0 | AC72: 0 | AE72: 0 | AG72: 0 | AI72: 0 | AK72: 0 | AM72: 0 | AN72: 20552.756 | AO72: 1 | AP72: FIJO | AQ72: 1 | AR72: 20552.756 | AS72: EJERCICIO FISICO | AT72: 18
A73: CPI_83 | B73: TRABAJO SOCIAL PRIMERA VEZ/PROGRAMAS | C73: Consultas | D73: 1 | E73: 17887.389 | G73: 0 | I73: 0 | K73: 0 | M73: 0 | O73: 0 | Q73: 0 | S73: 0 | U73: 0 | W73: 0 | Y73: 0 | AA73: 0 | AC73: 0 | AE73: 0 | AG73: 0 | AI73: 0 | AK73: 0 | AM73: 0 | AN73: 17887.389 | AO73: 1 | AP73: FIJO | AQ73: 1 | AR73: 17887.389 | AS73: EJERCICIO FISICO | AT73: 18
A74: CPI_84 | B74: TRABAJO SOCIAL CONTROL/PROGRAMAS | C74: Consultas | D74: 1 | E74: 17887.389 | G74: 0 | I74: 0 | K74: 0 | M74: 0 | O74: 0 | Q74: 0 | S74: 0 | U74: 0 | W74: 0 | Y74: 0 | AA74: 0 | AC74: 0 | AE74: 0 | AG74: 0 | AI74: 0 | AK74: 0 | AM74: 0 | AN74: 17887.389 | AO74: 1 | AP74: PROBABILISTICO | AQ74: 0.29583875 | AR74: 5291.7828 | AS74: EJERCICIO FISICO | AT74: 18
A75: CPI_28 | B75: CAMINATA 6 MINUTOS / PROGRAMAS | C75: Diagnosticos | D75: 1 | E75: 32117.317 | G75: 0 | I75: 0 | K75: 0 | M75: 0 | O75: 0 | Q75: 0 | S75: 0 | U75: 0 | W75: 0 | Y75: 0 | AA75: 0 | AC75: 0 | AE75: 0 | AG75: 0 | AI75: 0 | AK75: 0 | AM75: 0 | AN75: 32117.317 | AO75: 1 | AP75: FIJO | AQ75: 1 | AR75: 32117.317 | AS75: EJERCICIO FISICO | AT75: 18
A76: CPI_15 | B76: ESPIROMETRIA PRE Y POST BRONCODILATADORES / PROGRAMAS | C76: Diagnosticos | D76: 1 | E76: 43480.817 | G76: 0 | I76: 0 | K76: 0 | M76: 0 | O76: 0 | Q76: 0 | S76: 0 | U76: 0 | W76: 0 | Y76: 0 | AA76: 0 | AC76: 0 | AE76: 0 | AG76: 0 | AI76: 0 | AK76: 0 | AM76: 0 | AN76: 43480.817 | AO76: 1 | AP76: FIJO | AQ76: 1 | AR76: 43480.817 | AS76: EJERCICIO FISICO | AT76: 18
A77: CPI_80 | B77: ENFERMERIA CONTROL / PROGRAMAS | C77: Consultas | D77: 1 | E77: 21014.397 | G77: 0 | I77: 0 | K77: 0 | M77: 0 | O77: 0 | Q77: 0 | S77: 0 | U77: 0 | W77: 0 | Y77: 0 | AA77: 0 | AC77: 0 | AE77: 0 | AG77: 0 | AI77: 0 | AK77: 0 | AM77: 0 | AN77: 21014.397 | AO77: 1 | AP77: FIJO | AQ77: 0.3550065 | AR77: 7460.2475 | AS77: EJERCICIO FISICO | AT77: 18
A78: CPI_74 | B78: NUTRICION PRIMERA VEZ / PROGRAMAS | C78: Consultas | D78: 1 | E78: 20406.133 | G78: 0 | I78: 0 | K78: 0 | M78: 0 | O78: 0 | Q78: 0 | S78: 0 | U78: 0 | W78: 0 | Y78: 0 | AA78: 0 | AC78: 0 | AE78: 0 | AG78: 0 | AI78: 0 | AK78: 0 | AM78: 0 | AN78: 20406.133 | AO78: 1 | AP78: FIJO | AQ78: 1 | AR78: 20406.133 | AS78: EJERCICIO FISICO | AT78: 18
A79: CPI_76 | B79: PSICOLOGIA PRIMERA VEZ / PROGRAMAS | C79: Consultas | D79: 1 | E79: 18768.368 | G79: 0 | I79: 0 | K79: 0 | M79: 0 | O79: 0 | Q79: 0 | S79: 0 | U79: 0 | W79: 0 | Y79: 0 | AA79: 0 | AC79: 0 | AE79: 0 | AG79: 0 | AI79: 0 | AK79: 0 | AM79: 0 | AN79: 18768.368 | AO79: 1 | AP79: FIJO | AQ79: 0.30593607 | AR79: 5741.9207 | AS79: EJERCICIO FISICO | AT79: 18
A80: CPI_02 | B80: REHABILITACION INGRESO / PROGRAMAS | C80: Terapias | D80: 1 | E80: 31881.452 | G80: 0 | I80: 0 | K80: 0 | M80: 0 | O80: 0 | Q80: 0 | S80: 0 | U80: 0 | W80: 0 | Y80: 0 | AA80: 0 | AC80: 0 | AE80: 0 | AG80: 0 | AI80: 0 | AK80: 0 | AM80: 0 | AN80: 31881.452 | AO80: 1 | AP80: FIJO | AQ80: 0.15068493 | AR80: 4804.0544 | AS80: EJERCICIO FISICO | AT80: 18
A81: CPI_03 | B81: REHABILITACION CONTROL / PROGRAMAS (1, 2 o 3 Sesiones semana) | C81: Terapias | E81: 0 | F81: 8 | G81: 70240.959 | H81: 8 | I81: 70240.959 | J81: 8 | K81: 70240.959 | L81: 8 | M81: 70240.959 | N81: 8 | O81: 70240.959 | P81: 8 | Q81: 70240.959 | R81: 8 | S81: 70240.959 | T81: 8 | U81: 70240.959 | V81: 8 | W81: 70240.959 | X81: 8 | Y81: 70240.959 | Z81: 8 | AA81: 70240.959 | AB81: 8 | AC81: 70240.959 | AD81: 8 | AE81: 70240.959 | AF81: 8 | AG81: 70240.959 | AH81: 8 | AI81: 70240.959 | AJ81: 8 | AK81: 70240.959 | AL81: 8 | AM81: 70240.959 | AN81: 1194096.3 | AO81: 136 | AP81: FIJO | AQ81: 1 | AR81: 1194096.3 | AS81: EJERCICIO FISICO | AT81: 18
A82: CPI_75 | B82: NUTRICION CONTROL / PROGRAMAS | C82: Consultas | D82: 1 | E82: 22052.521 | G82: 0 | I82: 0 | K82: 0 | M82: 0 | O82: 0 | Q82: 0 | S82: 0 | U82: 0 | W82: 0 | Y82: 0 | AA82: 0 | AC82: 0 | AE82: 0 | AG82: 0 | AI82: 0 | AK82: 0 | AM82: 0 | AN82: 22052.521 | AO82: 1 | AP82: FIJO | AQ82: 0.27828349 | AR82: 6136.8523 | AS82: EJERCICIO FISICO | AT82: 18
A83: CPI_77 | B83: PSICOLOGIA CONTROL / PROGRAMAS | C83: Consultas | D83: 1 | E83: 20414.756 | G83: 0 | I83: 0 | K83: 0 | M83: 0 | O83: 0 | Q83: 0 | S83: 0 | U83: 0 | W83: 0 | Y83: 0 | AA83: 0 | AC83: 0 | AE83: 0 | AG83: 0 | AI83: 0 | AK83: 0 | AM83: 0 | AN83: 20414.756 | AO83: 1 | AP83: FIJO | AQ83: 0.2503251 | AR83: 5110.3258 | AS83: EJERCICIO FISICO | AT83: 18
A84: CPI_11 | B84: CONSULTA PRIMERA VEZ NEUMOLOGIA ADULTO / PROGRAMAS | C84: Consultas | D84: 1 | E84: 67398.099 | G84: 0 | I84: 0 | K84: 0 | M84: 0 | O84: 0 | Q84: 0 | S84: 0 | U84: 0 | W84: 0 | Y84: 0 | AA84: 0 | AC84: 0 | AE84: 0 | AG84: 0 | AI84: 0 | AK84: 0 | AM84: 0 | AN84: 67398.099 | AO84: 1 | AP84: PROBABILISTICO | AQ84: 0.10858257 | AR84: 7318.2591 | AS84: EJERCICIO FISICO | AT84: 18
A85: CPI_12 | B85: CONSULTA CONTROL NEUMOLOGIA ADULTO / PROGRAMAS (Segun indicacion medica) | C85: Consultas | D85: 1 | E85: 67398.099 | G85: 0 | I85: 0 | K85: 0 | M85: 0 | O85: 0 | Q85: 0 | S85: 0 | U85: 0 | W85: 0 | Y85: 0 | AA85: 0 | AC85: 0 | AE85: 0 | AG85: 0 | AI85: 0 | AK85: 0 | AM85: 0 | AN85: 67398.099 | AO85: 1 | AP85: PROBABILISTICO | AQ85: 1.0461638 | AR85: 70509.454 | AS85: EJERCICIO FISICO | AT85: 18
A86: CPI_79 | B86: CONSULTA CONTROL MEDICINA GENERAL / PROGRAMAS (Todas las que requiera el paciente) | C86: Consultas | D86: 1 | E86: 18146.718 | G86: 0 | I86: 0 | K86: 0 | M86: 0 | O86: 0 | Q86: 0 | S86: 0 | U86: 0 | W86: 0 | Y86: 0 | AA86: 0 | AC86: 0 | AE86: 0 | AG86: 0 | AI86: 0 | AK86: 0 | AM86: 0 | AN86: 18146.718 | AO86: 1 | AP86: PROBABILISTICO | AQ86: 0.00065019506 | AR86: 11.798906 | AS86: EJERCICIO FISICO | AT86: 18
A87: CPI_78 | B87: CONSULTA PRIMERA VEZ MEDICINA GENERAL / PROGRAMAS | C87: Consultas | D87: 1 | E87: 18146.718 | G87: 0 | I87: 0 | K87: 0 | M87: 0 | O87: 0 | Q87: 0 | S87: 0 | U87: 0 | W87: 0 | Y87: 0 | AA87: 0 | AC87: 0 | AE87: 0 | AG87: 0 | AI87: 0 | AK87: 0 | AM87: 0 | AN87: 18146.718 | AO87: 1 | AP87: FIJO | AQ87: 1 | AR87: 18146.718 | AS87: EJERCICIO FISICO | AT87: 18
A88: CPI_06 | B88: CONSULTA PRIORITARIA/ PROGRAMAS (Todas las que requiera el paciente) | C88: Consultas | D88: 1 | E88: 56420.693 | G88: 0 | I88: 0 | K88: 0 | M88: 0 | O88: 0 | Q88: 0 | S88: 0 | U88: 0 | W88: 0 | Y88: 0 | AA88: 0 | AC88: 0 | AE88: 0 | AG88: 0 | AI88: 0 | AK88: 0 | AM88: 0 | AN88: 56420.693 | AO88: 1 | AP88: PROBABILISTICO | AQ88: 0.22886866 | AR88: 12912.928 | AS88: EJERCICIO FISICO | AT88: 18
A89: CPI_86 | B89: DEPORTOLOGIA PRIMERA VEZ/PROGRAMAS (solo si se requiere) | C89: Consultas | D89: 1 | E89: 60236.093 | G89: 0 | I89: 0 | K89: 0 | M89: 0 | O89: 0 | Q89: 0 | S89: 0 | U89: 0 | W89: 0 | Y89: 0 | AA89: 0 | AC89: 0 | AE89: 0 | AG89: 0 | AI89: 0 | AK89: 0 | AM89: 0 | AN89: 60236.093 | AO89: 1 | AP89: PROBABILISTICO | AQ89: 0.033159948 | AR89: 1997.4257 | AS89: EJERCICIO FISICO | AT89: 18
A90: CPI_87 | B90: DEPORTOLOGIA CONTROL/PROGRAMAS (solo si se requiere) | C90: Consultas | E90: 0 | G90: 0 | I90: 0 | J90: 1 | K90: 62748.232 | M90: 0 | O90: 0 | Q90: 0 | S90: 0 | U90: 0 | W90: 0 | Y90: 0 | AA90: 0 | AC90: 0 | AE90: 0 | AG90: 0 | AI90: 0 | AK90: 0 | AM90: 0 | AN90: 62748.232 | AO90: 1 | AP90: PROBABILISTICO | AQ90: 0.015604681 | AR90: 979.16617 | AS90: EJERCICIO FISICO | AT90: 18
A91: CPI_88 | B91: DEPORTOLOGIA EGRESO/PROGRAMAS (solo si se requiere) | C91: Consultas | E91: 0 | G91: 0 | I91: 0 | K91: 0 | M91: 0 | O91: 0 | Q91: 0 | S91: 0 | U91: 0 | W91: 0 | Y91: 0 | AA91: 0 | AC91: 0 | AE91: 0 | AG91: 0 | AI91: 0 | AK91: 0 | AL91: 1 | AM91: 62748.232 | AN91: 62748.232 | AO91: 1 | AP91: FIJO | AQ91: 1 | AR91: 62748.232 | AS91: EJERCICIO FISICO | AT91: 18
A92: CPI_32 | B92: PRIMERA VEZ TERAPIA RESPIRATORIA/ PROGRAMAS (Segun indicacion medica) | C92: Terapias | D92: 1 | E92: 31714.221 | G92: 0 | I92: 0 | K92: 0 | M92: 0 | O92: 0 | Q92: 0 | S92: 0 | U92: 0 | W92: 0 | Y92: 0 | AA92: 0 | AC92: 0 | AE92: 0 | AG92: 0 | AI92: 0 | AK92: 0 | AM92: 0 | AN92: 31714.221 | AO92: 1 | AP92: PROBABILISTICO | AQ92: 0.05526658 | AR92: 1752.7365 | AS92: EJERCICIO FISICO | AT92: 18
A93: CPI_33 | B93: CONTROL TERAPIA RESPIRATORIA/ PROGRAMAS (Segun indicacion medica) | C93: Terapias | D93: 1 | E93: 31714.221 | G93: 0 | I93: 0 | K93: 0 | M93: 0 | O93: 0 | Q93: 0 | S93: 0 | U93: 0 | W93: 0 | Y93: 0 | AA93: 0 | AC93: 0 | AE93: 0 | AG93: 0 | AI93: 0 | AK93: 0 | AM93: 0 | AN93: 31714.221 | AO93: 1 | AP93: PROBABILISTICO | AQ93: 0.26007802 | AR93: 8248.1719 | AS93: EJERCICIO FISICO | AT93: 18
A94: CPI_13 | B94: CONSULTA PRIMERA VEZ NEUMOLOGIA PEDIATRICA / PROGRAMAS | C94: Consultas | D94: 1 | E94: 83398.099 | G94: 0 | I94: 0 | K94: 0 | M94: 0 | O94: 0 | Q94: 0 | S94: 0 | U94: 0 | W94: 0 | Y94: 0 | AA94: 0 | AC94: 0 | AE94: 0 | AG94: 0 | AI94: 0 | AK94: 0 | AM94: 0 | AN94: 83398.099 | AO94: 1 | AP94: PROBABILISTICO | AQ94: 0.0026007802 | AR94: 216.90013 | AS94: EJERCICIO FISICO | AT94: 18
A95: CPI_14 | B95: CONSULTA CONTROL NEUMOLOGIA PEDIATRICA / PROGRAMAS (Segun indicacion medica) | C95: Consultas | D95: 1 | E95: 77398.099 | G95: 0 | I95: 0 | K95: 0 | M95: 0 | O95: 0 | Q95: 0 | S95: 0 | U95: 0 | W95: 0 | Y95: 0 | AA95: 0 | AC95: 0 | AE95: 0 | AG95: 0 | AI95: 0 | AK95: 0 | AM95: 0 | AN95: 77398.099 | AO95: 1 | AP95: PROBABILISTICO | AQ95: 0.030559168 | AR95: 2365.2215 | AS95: EJERCICIO FISICO | AT95: 18
A96: CPI_24 | B96: OSCILOMETRIA DE IMPULSO / PROGRAMAS (Pacientes que no logran realizar espirometria) | C96: Diagnosticos | D96: 1 | E96: 67391.282 | G96: 0 | I96: 0 | K96: 0 | M96: 0 | O96: 0 | Q96: 0 | S96: 0 | U96: 0 | W96: 0 | Y96: 0 | AA96: 0 | AC96: 0 | AE96: 0 | AG96: 0 | AI96: 0 | AK96: 0 | AM96: 0 | AN96: 67391.282 | AO96: 1 | AP96: PROBABILISTICO | AQ96: 0.0013003901 | AR96: 87.634957 | AS96: EJERCICIO FISICO | AT96: 18
A97: CPI_72 | B97: CONSULTA ESPECIALIZADA PRIMERA VEZ REHABILITACIoN/PROGRAMAS | C97: Consultas | D97: 1 | E97: 26897.08 | G97: 0 | I97: 0 | K97: 0 | M97: 0 | O97: 0 | Q97: 0 | S97: 0 | U97: 0 | W97: 0 | Y97: 0 | AA97: 0 | AC97: 0 | AE97: 0 | AG97: 0 | AI97: 0 | AK97: 0 | AM97: 0 | AN97: 26897.08 | AO97: 1 | AP97: PROBABILISTICO | AQ97: 0.0032509753 | AR97: 87.441741 | AS97: EJERCICIO FISICO | AT97: 18
A98: CPI_73 | B98: CONSULTA ESPECIALIZADA CONTROL REHABILITACIoN/PROGRAMAS (Segun indicacion medica) | C98: Consultas | D98: 1 | E98: 26897.08 | G98: 0 | I98: 0 | K98: 0 | M98: 0 | O98: 0 | Q98: 0 | S98: 0 | U98: 0 | W98: 0 | Y98: 0 | AA98: 0 | AC98: 0 | AE98: 0 | AG98: 0 | AI98: 0 | AK98: 0 | AM98: 0 | AN98: 26897.08 | AO98: 1 | AP98: PROBABILISTICO | AQ98: 0.0039011704 | AR98: 104.93009 | AS98: EJERCICIO FISICO | AT98: 18
A99: CPI_30 | B99: PARTICIPACIoN JUNTA MEDICA/ PROGRAMAS (Segun indicacion medica) | C99: Gestion y seguimiento | E99: 0 | G99: 0 | I99: 0 | K99: 0 | M99: 0 | N99: 1 | O99: 145259.19 | Q99: 0 | S99: 0 | U99: 0 | W99: 0 | Y99: 0 | AA99: 0 | AC99: 0 | AE99: 0 | AG99: 0 | AI99: 0 | AK99: 0 | AM99: 0 | AN99: 145259.19 | AO99: 1 | AP99: PROBABILISTICO | AQ99: 0.0078023407 | AR99: 1133.3617 | AS99: EJERCICIO FISICO | AT99: 18
A100: CPI_31 | B100: REHABILITACIoN EGRESO / PROGRAMAS | C100: Terapias | E100: 0 | G100: 0 | I100: 0 | K100: 0 | M100: 0 | O100: 0 | Q100: 0 | S100: 0 | U100: 0 | W100: 0 | Y100: 0 | AA100: 0 | AC100: 0 | AE100: 0 | AG100: 0 | AI100: 0 | AK100: 0 | AL100: 1 | AM100: 31881.452 | AN100: 31881.452 | AO100: 1 | AP100: FIJO | AQ100: 1 | AR100: 31881.452 | AS100: EJERCICIO FISICO | AT100: 18
...

Sheet Categorias
A1: CODIGO | B1: SERVICIO | C1: VALOR
A2: 890305 | B2: ENFERMERIA PRIMERA VEZ/PROGRAMAS | C2: Consultas
A3: CPI_01 | B3: INGRESO PROGRAMAS INTEGRALES | C3: Gestion y seguimiento
A4: CPI_02 | B4: REHABILITACION INGRESO / PROGRAMAS | C4: Terapias
A5: CPI_03 | B5: REHABILITACION CONTROL / PROGRAMAS (1, 2 o 3 Sesiones semana) | C5: Terapias
A6: CPI_04 | B6: CONSULTA PRIMERA VEZ MEDICINA INTERNA / PROGRAMAS | C6: Consultas
A7: CPI_05 | B7: CONSULTA CONTROL MEDICINA INTERNA / PROGRAMAS (Segun indicacion medica) | C7: Consultas
A8: CPI_06 | B8: CONSULTA PRIORITARIA/ PROGRAMAS (Todas las que requiera el paciente) | C8: Consultas
A9: CPI_08 | B9: EGRESO PROGRAMAS INTEGRALES | C9: Gestion y seguimiento
A10: CPI_09 | B10: ACTIVIDAD EDUCATIVA / PROGRAMAS | C10: Educacion
A11: CPI_10 | B11: CONTACTO DE SEGUIMIENTO Y/O TELEFONICO / PROGRAMAS | C11: Gestion y seguimiento
A12: CPI_11 | B12: CONSULTA PRIMERA VEZ NEUMOLOGIA ADULTO / PROGRAMAS | C12: Consultas
A13: CPI_12 | B13: CONSULTA CONTROL NEUMOLOGIA ADULTO / PROGRAMAS (Segun indicacion medica) | C13: Consultas
A14: CPI_13 | B14: CONSULTA PRIMERA VEZ NEUMOLOGIA PEDIATRICA / PROGRAMAS | C14: Consultas
... A51: INO007 | B51: INGRESO CESACIoN TABAQUICA | C51: Gestion y seguimiento

Sheet ASMA costo
A1: PROGRAMA REHABILITACIoN PULMONAR/ASMA (12 MESES)
A2: Servicios del Programa: | B2: Programa Rehabilitacion Pulmonar / Asma | C2: CATEGORIA | D2: MES 1 | E2: COSTO | F2: MES 2 | G2: COSTO2 | H2: MES 3 | I2: COSTO3 | J2: MES 4 | K2: COSTO4 | L2: MES 5 | M2: COSTO5 | N2: MES 6 | O2: COSTO6 | P2: MES 7 | Q2: COSTO7 | R2: MES 8 | S2: COSTO8 | T2: MES 9 | U2: COSTO9 | V2: MES 10 | W2: COSTO10 | X2: MES 11 | Y2: COSTO11 | Z2: MES 12 | AA2: COSTO12 | AB2: TOTAL | AC2: TOTAL SERVICIOS | AD2: Modalidad | AE2: % de las personas que lo usaron | AF2: VALOR COSTO | AG2: RUTA | AH2: DURACION
A3: CPI_01 | B3: INGRESO PROGRAMAS INTEGRALES | C3: =_xlfn.XLOOKUP(Tabla428[[#This Row],[Servicios del Programa:]],Tabla151[CODIGO],Tabla151[VALOR]) -> Gestion y seguimiento | D3: 1 | E3: {=IF(D3="X",(_xlfn.XLOOKUP($B3,Tabla1[SERVICIO],Tabla1[VALOR])*1),IF(D3>=1,_xlfn.XLOOKUP($B3,Tabla1[SERVICIO],Tabla1[VALOR]*D3),0))} -> 20552.756 | G3: {=IF(F3="X",(_xlfn.XLOOKUP($B3,Tabla1[SERVICIO],Tabla1[VALOR])*1),IF(F3>=1,_xlfn.XLOOKUP($B3,Tabla1[SERVICIO],Tabla1[VALOR]*F3),0))} -> 0 | I3: {=IF(H3="X",(_xlfn.XLOOKUP($B3,Tabla1[SERVICIO],Tabla1[VALOR])*1),IF(H3>=1,_xlfn.XLOOKUP($B3,Tabla1[SERVICIO],Tabla1[VALOR]*H3),0))} -> 0 | K3: {=IF(J3="X",(_xlfn.XLOOKUP($B3,Tabla1[SERVICIO],Tabla1[VALOR])*1),IF(J3>=1,_xlfn.XLOOKUP($B3,Tabla1[SERVICIO],Tabla1[VALOR]*J3),0))} -> 0 | M3: {=IF(L3="X",(_xlfn.XLOOKUP($B3,Tabla1[SERVICIO],Tabla1[VALOR])*1),IF(L3>=1,_xlfn.XLOOKUP($B3,Tabla1[SERVICIO],Tabla1[VALOR]*L3),0))} -> 0 | O3: {=IF(N3="X",(_xlfn.XLOOKUP($B3,Tabla1[SERVICIO],Tabla1[VALOR])*1),IF(N3>=1,_xlfn.XLOOKUP($B3,Tabla1[SERVICIO],Tabla1[VALOR]*N3),0))} -> 0 | Q3: {=IF(P3="X",(_xlfn.XLOOKUP($B3,Tabla1[SERVICIO],Tabla1[VALOR])*1),IF(P3>=1,_xlfn.XLOOKUP($B3,Tabla1[SERVICIO],Tabla1[VALOR]*P3),0))} -> 0 | S3: {=IF(R3="X",(_xlfn.XLOOKUP($B3,Tabla1[SERVICIO],Tabla1[VALOR])*1),IF(R3>=1,_xlfn.XLOOKUP($B3,Tabla1[SERVICIO],Tabla1[VALOR]*R3),0))} -> 0 | U3: {=IF(T3="X",(_xlfn.XLOOKUP($B3,Tabla1[SERVICIO],Tabla1[VALOR])*1),IF(T3>=1,_xlfn.XLOOKUP($B3,Tabla1[SERVICIO],Tabla1[VALOR]*T3),0))} -> 0 | W3: {=IF(V3="X",(_xlfn.XLOOKUP($B3,Tabla1[SERVICIO],Tabla1[VALOR])*1),IF(V3>=1,_xlfn.XLOOKUP($B3,Tabla1[SERVICIO],Tabla1[VALOR]*V3),0))} -> 0 | Y3: {=IF(X3="X",(_xlfn.XLOOKUP($B3,Tabla1[SERVICIO],Tabla1[VALOR])*1),IF(X3>=1,_xlfn.XLOOKUP($B3,Tabla1[SERVICIO],Tabla1[VALOR]*X3),0))} -> 0 | AA3: {=IF(Z3="X",(_xlfn.XLOOKUP($B3,Tabla1[SERVICIO],Tabla1[VALOR])*1),IF(Z3>=1,_xlfn.XLOOKUP($B3,Tabla1[SERVICIO],Tabla1[VALOR]*Z3),0))} -> 0 | AB3: =SUM(E3,G3,I3,K3+M3,O3,Q3,S3,U3,W3,Y3,AA3) -> 20552.756 | AC3: =+Tabla428[[#This Row],[MES 1]]+Tabla428[[#This Row],[MES 2]]+Tabla428[[#This Row],[MES 3]]+Tabla428[[#This Row],[MES 4]]+Tabla428[[#This Row],[MES 5]]+Tabla428[[#This Row],[MES 6]]+Tabla428[[#This Row],[MES 7]]+Tabla428[[#This Row],[MES 8]]+Tabla428[[#This Row],[MES 9]]+Tabla428[[#This Row],[MES 10]]+Tabla428[[#This Row],[MES 11]]+Tabla428[[#This Row],[MES 12]] -> 1 | AD3: FIJO | AE3: 1 | AF3: =+Tabla428[[#This Row],[TOTAL]]*AE3 -> 20552.756 | AG3: ASMA | AH3: 12
A4: CPI_83 | B4: TRABAJO SOCIAL PRIMERA VEZ/PROGRAMAS | C4: =_xlfn.XLOOKUP(Tabla428[[#This Row],[Servicios del Programa:]],Tabla151[CODIGO],Tabla151[VALOR]) -> Consultas | D4: 1 | E4: {=IF(D4="X",(_xlfn.XLOOKUP($B4,Tabla1[SERVICIO],Tabla1[VALOR])*1),IF(D4>=1,_xlfn.XLOOKUP($B4,Tabla1[SERVICIO],Tabla1[VALOR]*D4),0))} -> 17887.389 | G4: {=IF(F4="X",(_xlfn.XLOOKUP($B4,Tabla1[SERVICIO],Tabla1[VALOR])*1),IF(F4>=1,_xlfn.XLOOKUP($B4,Tabla1[SERVICIO],Tabla1[VALOR]*F4),0))} -> 0 | I4: {=IF(H4="X",(_xlfn.XLOOKUP($B4,Tabla1[SERVICIO],Tabla1[VALOR])*1),IF(H4>=1,_xlfn.XLOOKUP($B4,Tabla1[SERVICIO],Tabla1[VALOR]*H4),0))} -> 0 | K4: {=IF(J4="X",(_xlfn.XLOOKUP($B4,Tabla1[SERVICIO],Tabla1[VALOR])*1),IF(J4>=1,_xlfn.XLOOKUP($B4,Tabla1[SERVICIO],Tabla1[VALOR]*J4),0))} -> 0 | M4: {=IF(L4="X",(_xlfn.XLOOKUP($B4,Tabla1[SERVICIO],Tabla1[VALOR])*1),IF(L4>=1,_xlfn.XLOOKUP($B4,Tabla1[SERVICIO],Tabla1[VALOR]*L4),0))} -> 0 | O4: {=IF(N4="X",(_xlfn.XLOOKUP($B4,Tabla1[SERVICIO],Tabla1[VALOR])*1),IF(N4>=1,_xlfn.XLOOKUP($B4,Tabla1[SERVICIO],Tabla1[VALOR]*N4),0))} -> 0 | Q4: {=IF(P4="X",(_xlfn.XLOOKUP($B4,Tabla1[SERVICIO],Tabla1[VALOR])*1),IF(P4>=1,_xlfn.XLOOKUP($B4,Tabla1[SERVICIO],Tabla1[VALOR]*P4),0))} -> 0 | S4: {=IF(R4="X",(_xlfn.XLOOKUP($B4,Tabla1[SERVICIO],Tabla1[VALOR])*1),IF(R4>=1,_xlfn.XLOOKUP($B4,Tabla1[SERVICIO],Tabla1[VALOR]*R4),0))} -> 0 | U4: {=IF(T4="X",(_xlfn.XLOOKUP($B4,Tabla1[SERVICIO],Tabla1[VALOR])*1),IF(T4>=1,_xlfn.XLOOKUP($B4,Tabla1[SERVICIO],Tabla1[VALOR]*T4),0))} -> 0 | W4: {=IF(V4="X",(_xlfn.XLOOKUP($B4,Tabla1[SERVICIO],Tabla1[VALOR])*1),IF(V4>=1,_xlfn.XLOOKUP($B4,Tabla1[SERVICIO],Tabla1[VALOR]*V4),0))} -> 0 | Y4: {=IF(X4="X",(_xlfn.XLOOKUP($B4,Tabla1[SERVICIO],Tabla1[VALOR])*1),IF(X4>=1,_xlfn.XLOOKUP($B4,Tabla1[SERVICIO],Tabla1[VALOR]*X4),0))} -> 0 | AA4: {=IF(Z4="X",(_xlfn.XLOOKUP($B4,Tabla1[SERVICIO],Tabla1[VALOR])*1),IF(Z4>=1,_xlfn.XLOOKUP($B4,Tabla1[SERVICIO],Tabla1[VALOR]*Z4),0))} -> 0 | AB4: =+E4+G4+I4+K4+M4+O4+Q4+S4+U4+W4+Y4+AA4 -> 17887.389 | AC4: =+Tabla428[[#This Row],[MES 1]]+Tabla428[[#This Row],[MES 2]]+Tabla428[[#This Row],[MES 3]]+Tabla428[[#This Row],[MES 4]]+Tabla428[[#This Row],[MES 5]]+Tabla428[[#This Row],[MES 6]]+Tabla428[[#This Row],[MES 7]]+Tabla428[[#This Row],[MES 8]]+Tabla428[[#This Row],[MES 9]]+Tabla428[[#This Row],[MES 10]]+Tabla428[[#This Row],[MES 11]]+Tabla428[[#This Row],[MES 12]] -> 1 | AD4: FIJO | AE4: 1 | AF4: =+Tabla428[[#This Row],[TOTAL]]*AE4 -> 17887.389 | AG4: ASMA | AH4: 12
A5: CPI_84 | B5: TRABAJO SOCIAL CONTROL/PROGRAMAS | C5: =_xlfn.XLOOKUP(Tabla428[[#This Row],[Servicios del Programa:]],Tabla151[CODIGO],Tabla151[VALOR]) -> Consultas | E5: {=IF(D5="X",(_xlfn.XLOOKUP($B5,Tabla1[SERVICIO],Tabla1[VALOR])*1),IF(D5>=1,_xlfn.XLOOKUP($B5,Tabla1[SERVICIO],Tabla1[VALOR]*D5),0))} -> 0 | G5: {=IF(F5="X",(_xlfn.XLOOKUP($B5,Tabla1[SERVICIO],Tabla1[VALOR])*1),IF(F5>=1,_xlfn.XLOOKUP($B5,Tabla1[SERVICIO],Tabla1[VALOR]*F5),0))} -> 0 | I5: {=IF(H5="X",(_xlfn.XLOOKUP($B5,Tabla1[SERVICIO],Tabla1[VALOR])*1),IF(H5>=1,_xlfn.XLOOKUP($B5,Tabla1[SERVICIO],Tabla1[VALOR]*H5),0))} -> 0 | K5: {=IF(J5="X",(_xlfn.XLOOKUP($B5,Tabla1[SERVICIO],Tabla1[VALOR])*1),IF(J5>=1,_xlfn.XLOOKUP($B5,Tabla1[SERVICIO],Tabla1[VALOR]*J5),0))} -> 0 | M5: {=IF(L5="X",(_xlfn.XLOOKUP($B5,Tabla1[SERVICIO],Tabla1[VALOR])*1),IF(L5>=1,_xlfn.XLOOKUP($B5,Tabla1[SERVICIO],Tabla1[VALOR]*L5),0))} -> 0 | O5: {=IF(N5="X",(_xlfn.XLOOKUP($B5,Tabla1[SERVICIO],Tabla1[VALOR])*1),IF(N5>=1,_xlfn.XLOOKUP($B5,Tabla1[SERVICIO],Tabla1[VALOR]*N5),0))} -> 0 | Q5: {=IF(P5="X",(_xlfn.XLOOKUP($B5,Tabla1[SERVICIO],Tabla1[VALOR])*1),IF(P5>=1,_xlfn.XLOOKUP($B5,Tabla1[SERVICIO],Tabla1[VALOR]*P5),0))} -> 0 | S5: {=IF(R5="X",(_xlfn.XLOOKUP($B5,Tabla1[SERVICIO],Tabla1[VALOR])*1),IF(R5>=1,_xlfn.XLOOKUP($B5,Tabla1[SERVICIO],Tabla1[VALOR]*R5),0))} -> 0 | U5: {=IF(T5="X",(_xlfn.XLOOKUP($B5,Tabla1[SERVICIO],Tabla1[VALOR])*1),IF(T5>=1,_xlfn.XLOOKUP($B5,Tabla1[SERVICIO],Tabla1[VALOR]*T5),0))} -> 0 | W5: {=IF(V5="X",(_xlfn.XLOOKUP($B5,Tabla1[SERVICIO],Tabla1[VALOR])*1),IF(V5>=1,_xlfn.XLOOKUP($B5,Tabla1[SERVICIO],Tabla1[VALOR]*V5),0))} -> 0 | Y5: {=IF(X5="X",(_xlfn.XLOOKUP($B5,Tabla1[SERVICIO],Tabla1[VALOR])*1),IF(X5>=1,_xlfn.XLOOKUP($B5,Tabla1[SERVICIO],Tabla1[VALOR]*X5),0))} -> 0 | Z5: 1 | AA5: {=IF(Z5="X",(_xlfn.XLOOKUP($B5,Tabla1[SERVICIO],Tabla1[VALOR])*1),IF(Z5>=1,_xlfn.XLOOKUP($B5,Tabla1[SERVICIO],Tabla1[VALOR]*Z5),0))} -> 17887.389 | AB5: =+E5+G5+I5+K5+M5+O5+Q5+S5+U5+W5+Y5+AA5 -> 17887.389 | AC5: =+Tabla428[[#This Row],[MES 1]]+Tabla428[[#This Row],[MES 2]]+Tabla428[[#This Row],[MES 3]]+Tabla428[[#This Row],[MES 4]]+Tabla428[[#This Row],[MES 5]]+Tabla428[[#This Row],[MES 6]]+Tabla428[[#This Row],[MES 7]]+Tabla428[[#This Row],[MES 8]]+Tabla428[[#This Row],[MES 9]]+Tabla428[[#This Row],[MES 10]]+Tabla428[[#This Row],[MES 11]]+Tabla428[[#This Row],[MES 12]] -> 1 | AD5: FIJO | AE5: 1 | AF5: =+Tabla428[[#This Row],[TOTAL]]*AE5 -> 17887.389 | AG5: ASMA | AH5: 12
A6: CPI_85 | B6: INTERVENCIoN DOMICILIARIA TRABAJO SOCIAL/PROGRAMAS (Segun indicacion medica) | C6: =_xlfn.XLOOKUP(Tabla428[[#This Row],[Servicios del Programa:]],Tabla151[CODIGO],Tabla151[VALOR]) -> Gestion y seguimiento | E6: {=IF(D6="X",(_xlfn.XLOOKUP($B6,Tabla1[SERVICIO],Tabla1[VALOR])*1),IF(D6>=1,_xlfn.XLOOKUP($B6,Tabla1[SERVICIO],Tabla1[VALOR]*D6),0))} -> 0 | G6: {=IF(F6="X",(_xlfn.XLOOKUP($B6,Tabla1[SERVICIO],Tabla1[VALOR])*1),IF(F6>=1,_xlfn.XLOOKUP($B6,Tabla1[SERVICIO],Tabla1[VALOR]*F6),0))} -> 0 | H6: 1 | I6: {=IF(H6="X",(_xlfn.XLOOKUP($B6,Tabla1[SERVICIO],Tabla1[VALOR])*1),IF(H6>=1,_xlfn.XLOOKUP($B6,Tabla1[SERVICIO],Tabla1[VALOR]*H6),0))} -> 17887.389 | K6: {=IF(J6="X",(_xlfn.XLOOKUP($B6,Tabla1[SERVICIO],Tabla1[VALOR])*1),IF(J6>=1,_xlfn.XLOOKUP($B6,Tabla1[SERVICIO],Tabla1[VALOR]*J6),0))} -> 0 | M6: {=IF(L6="X",(_xlfn.XLOOKUP($B6,Tabla1[SERVICIO],Tabla1[VALOR])*1),IF(L6>=1,_xlfn.XLOOKUP($B6,Tabla1[SERVICIO],Tabla1[VALOR]*L6),0))} -> 0 | O6: {=IF(N6="X",(_xlfn.XLOOKUP($B6,Tabla1[SERVICIO],Tabla1[VALOR])*1),IF(N6>=1,_xlfn.XLOOKUP($B6,Tabla1[SERVICIO],Tabla1[VALOR]*N6),0))} -> 0 | Q6: {=IF(P6="X",(_xlfn.XLOOKUP($B6,Tabla1[SERVICIO],Tabla1[VALOR])*1),IF(P6>=1,_xlfn.XLOOKUP($B6,Tabla1[SERVICIO],Tabla1[VALOR]*P6),0))} -> 0 | S6: {=IF(R6="X",(_xlfn.XLOOKUP($B6,Tabla1[SERVICIO],Tabla1[VALOR])*1),IF(R6>=1,_xlfn.XLOOKUP($B6,Tabla1[SERVICIO],Tabla1[VALOR]*R6),0))} -> 0 | U6: {=IF(T6="X",(_xlfn.XLOOKUP($B6,Tabla1[SERVICIO],Tabla1[VALOR])*1),IF(T6>=1,_xlfn.XLOOKUP($B6,Tabla1[SERVICIO],Tabla1[VALOR]*T6),0))} -> 0 | W6: {=IF(V6="X",(_xlfn.XLOOKUP($B6,Tabla1[SERVICIO],Tabla1[VALOR])*1),IF(V6>=1,_xlfn.XLOOKUP($B6,Tabla1[SERVICIO],Tabla1[VALOR]*V6),0))} -> 0 | Y6: {=IF(X6="X",(_xlfn.XLOOKUP($B6,Tabla1[SERVICIO],Tabla1[VALOR])*1),IF(X6>=1,_xlfn.XLOOKUP($B6,Tabla1[SERVICIO],Tabla1[VALOR]*X6),0))} -> 0 | AA6: {=IF(Z6="X",(_xlfn.XLOOKUP($B6,Tabla1[SERVICIO],Tabla1[VALOR])*1),IF(Z6>=1,_xlfn.XLOOKUP($B6,Tabla1[SERVICIO],Tabla1[VALOR]*Z6),0))} -> 0 | AB6: =+E6+G6+I6+K6+M6+O6+Q6+S6+U6+W6+Y6+AA6 -> 17887.389 | AC6: =+Tabla428[[#This Row],[MES 1]]+Tabla428[[#This Row],[MES 2]]+Tabla428[[#This Row],[MES 3]]+Tabla428[[#This Row],[MES 4]]+Tabla428[[#This Row],[MES 5]]+Tabla428[[#This Row],[MES 6]]+Tabla428[[#This Row],[MES 7]]+Tabla428[[#This Row],[MES 8]]+Tabla428[[#This Row],[MES 9]]+Tabla428[[#This Row],[MES 10]]+Tabla428[[#This Row],[MES 11]]+Tabla428[[#This Row],[MES 12]] -> 1 | AD6: FIJO | AE6: 1 | AF6: =+Tabla428[[#This Row],[TOTAL]]*AE6 -> 17887.389 | AG6: ASMA | AH6: 12
A7: CPI_10 | B7: CONTACTO DE SEGUIMIENTO Y/O TELEFONICO / PROGRAMAS | C7: =_xlfn.XLOOKUP(Tabla428[[#This Row],[Servicios del Programa:]],Tabla151[CODIGO],Tabla151[VALOR]) -> Gestion y seguimiento | D7: 1 | E7: {=IF(D7="X",(_xlfn.XLOOKUP($B7,Tabla1[SERVICIO],Tabla1[VALOR])*1),IF(D7>=1,_xlfn.XLOOKUP($B7,Tabla1[SERVICIO],Tabla1[VALOR]*D7),0))} -> 15634.853 | F7: 1 | G7: {=IF(F7="X",(_xlfn.XLOOKUP($B7,Tabla1[SERVICIO],Tabla1[VALOR])*1),IF(F7>=1,_xlfn.XLOOKUP($B7,Tabla1[SERVICIO],Tabla1[VALOR]*F7),0))} -> 15634.853 | H7: 1 | I7: {=IF(H7="X",(_xlfn.XLOOKUP($B7,Tabla1[SERVICIO],Tabla1[VALOR])*1),IF(H7>=1,_xlfn.XLOOKUP($B7,Tabla1[SERVICIO],Tabla1[VALOR]*H7),0))} -> 15634.853 | K7: {=IF(J7="X",(_xlfn.XLOOKUP($B7,Tabla1[SERVICIO],Tabla1[VALOR])*1),IF(J7>=1,_xlfn.XLOOKUP($B7,Tabla1[SERVICIO],Tabla1[VALOR]*J7),0))} -> 0 | M7: {=IF(L7="X",(_xlfn.XLOOKUP($B7,Tabla1[SERVICIO],Tabla1[VALOR])*1),IF(L7>=1,_xlfn.XLOOKUP($B7,Tabla1[SERVICIO],Tabla1[VALOR]*L7),0))} -> 0 | N7: 1 | O7: {=IF(N7="X",(_xlfn.XLOOKUP($B7,Tabla1[SERVICIO],Tabla1[VALOR])*1),IF(N7>=1,_xlfn.XLOOKUP($B7,Tabla1[SERVICIO],Tabla1[VALOR]*N7),0))} -> 15634.853 | Q7: {=IF(P7="X",(_xlfn.XLOOKUP($B7,Tabla1[SERVICIO],Tabla1[VALOR])*1),IF(P7>=1,_xlfn.XLOOKUP($B7,Tabla1[SERVICIO],Tabla1[VALOR]*P7),0))} -> 0 | S7: {=IF(R7="X",(_xlfn.XLOOKUP($B7,Tabla1[SERVICIO],Tabla1[VALOR])*1),IF(R7>=1,_xlfn.XLOOKUP($B7,Tabla1[SERVICIO],Tabla1[VALOR]*R7),0))} -> 0 | T7: 1 | U7: {=IF(T7="X",(_xlfn.XLOOKUP($B7,Tabla1[SERVICIO],Tabla1[VALOR])*1),IF(T7>=1,_xlfn.XLOOKUP($B7,Tabla1[SERVICIO],Tabla1[VALOR]*T7),0))} -> 15634.853 | W7: {=IF(V7="X",(_xlfn.XLOOKUP($B7,Tabla1[SERVICIO],Tabla1[VALOR])*1),IF(V7>=1,_xlfn.XLOOKUP($B7,Tabla1[SERVICIO],Tabla1[VALOR]*V7),0))} -> 0 | Y7: {=IF(X7="X",(_xlfn.XLOOKUP($B7,Tabla1[SERVICIO],Tabla1[VALOR])*1),IF(X7>=1,_xlfn.XLOOKUP($B7,Tabla1[SERVICIO],Tabla1[VALOR]*X7),0))} -> 0 | Z7: 1 | AA7: {=IF(Z7="X",(_xlfn.XLOOKUP($B7,Tabla1[SERVICIO],Tabla1[VALOR])*1),IF(Z7>=1,_xlfn.XLOOKUP($B7,Tabla1[SERVICIO],Tabla1[VALOR]*Z7),0))} -> 15634.853 | AB7: =+E7+G7+I7+K7+M7+O7+Q7+S7+U7+W7+Y7+AA7 -> 93809.118 | AC7: =+Tabla428[[#This Row],[MES 1]]+Tabla428[[#This Row],[MES 2]]+Tabla428[[#This Row],[MES 3]]+Tabla428[[#This Row],[MES 4]]+Tabla428[[#This Row],[MES 5]]+Tabla428[[#This Row],[MES 6]]+Tabla428[[#This Row],[MES 7]]+Tabla428[[#This Row],[MES 8]]+Tabla428[[#This Row],[MES 9]]+Tabla428[[#This Row],[MES 10]]+Tabla428[[#This Row],[MES 11]]+Tabla428[[#This Row],[MES 12]] -> 6 | AD7: FIJO | AE7: 1 | AF7: =+Tabla428[[#This Row],[TOTAL]]*AE7 -> 93809.118 | AG7: ASMA | AH7: 12
A8: CPI_09 | B8: ACTIVIDAD EDUCATIVA / PROGRAMAS | C8: =_xlfn.XLOOKUP(Tabla428[[#This Row],[Servicios del Programa:]],Tabla151[CODIGO],Tabla151[VALOR]) -> Educacion | D8: 1 | E8: {=IF(D8="X",(_xlfn.XLOOKUP($B8,Tabla1[SERVICIO],Tabla1[VALOR])*1),IF(D8>=1,_xlfn.XLOOKUP($B8,Tabla1[SERVICIO],Tabla1[VALOR]*D8),0))} -> 12743.422 | F8: 1 | G8: {=IF(F8="X",(_xlfn.XLOOKUP($B8,Tabla1[SERVICIO],Tabla1[VALOR])*1),IF(F8>=1,_xlfn.XLOOKUP($B8,Tabla1[SERVICIO],Tabla1[VALOR]*F8),0))} -> 12743.422 | H8: 1 | I8: {=IF(H8="X",(_xlfn.XLOOKUP($B8,Tabla1[SERVICIO],Tabla1[VALOR])*1),IF(H8>=1,_xlfn.XLOOKUP($B8,Tabla1[SERVICIO],Tabla1[VALOR]*H8),0))} -> 12743.422 | J8: 1 | K8: {=IF(J8="X",(_xlfn.XLOOKUP($B8,Tabla1[SERVICIO],Tabla1[VALOR])*1),IF(J8>=1,_xlfn.XLOOKUP($B8,Tabla1[SERVICIO],Tabla1[VALOR]*J8),0))} -> 12743.422 | L8: 1 | M8: {=IF(L8="X",(_xlfn.XLOOKUP($B8,Tabla1[SERVICIO],Tabla1[VALOR])*1),IF(L8>=1,_xlfn.XLOOKUP($B8,Tabla1[SERVICIO],Tabla1[VALOR]*L8),0))} -> 12743.422 | N8: 1 | O8: {=IF(N8="X",(_xlfn.XLOOKUP($B8,Tabla1[SERVICIO],Tabla1[VALOR])*1),IF(N8>=1,_xlfn.XLOOKUP($B8,Tabla1[SERVICIO],Tabla1[VALOR]*N8),0))} -> 12743.422 | P8: 1 | Q8: {=IF(P8="X",(_xlfn.XLOOKUP($B8,Tabla1[SERVICIO],Tabla1[VALOR])*1),IF(P8>=1,_xlfn.XLOOKUP($B8,Tabla1[SERVICIO],Tabla1[VALOR]*P8),0))} -> 12743.422 | R8: 1 | S8: {=IF(R8="X",(_xlfn.XLOOKUP($B8,Tabla1[SERVICIO],Tabla1[VALOR])*1),IF(R8>=1,_xlfn.XLOOKUP($B8,Tabla1[SERVICIO],Tabla1[VALOR]*R8),0))} -> 12743.422 | T8: 1 | U8: {=IF(T8="X",(_xlfn.XLOOKUP($B8,Tabla1[SERVICIO],Tabla1[VALOR])*1),IF(T8>=1,_xlfn.XLOOKUP($B8,Tabla1[SERVICIO],Tabla1[VALOR]*T8),0))} -> 12743.422 | V8: 1 | W8: {=IF(V8="X",(_xlfn.XLOOKUP($B8,Tabla1[SERVICIO],Tabla1[VALOR])*1),IF(V8>=1,_xlfn.XLOOKUP($B8,Tabla1[SERVICIO],Tabla1[VALOR]*V8),0))} -> 12743.422 | X8: 1 | Y8: {=IF(X8="X",(_xlfn.XLOOKUP($B8,Tabla1[SERVICIO],Tabla1[VALOR])*1),IF(X8>=1,_xlfn.XLOOKUP($B8,Tabla1[SERVICIO],Tabla1[VALOR]*X8),0))} -> 12743.422 | Z8: 1 | AA8: {=IF(Z8="X",(_xlfn.XLOOKUP($B8,Tabla1[SERVICIO],Tabla1[VALOR])*1),IF(Z8>=1,_xlfn.XLOOKUP($B8,Tabla1[SERVICIO],Tabla1[VALOR]*Z8),0))} -> 12743.422 | AB8: =+E8+G8+I8+K8+M8+O8+Q8+S8+U8+W8+Y8+AA8 -> 152921.06 | AC8: =+Tabla428[[#This Row],[MES 1]]+Tabla428[[#This Row],[MES 2]]+Tabla428[[#This Row],[MES 3]]+Tabla428[[#This Row],[MES 4]]+Tabla428[[#This Row],[MES 5]]+Tabla428[[#This Row],[MES 6]]+Tabla428[[#This Row],[MES 7]]+Tabla428[[#This Row],[MES 8]]+Tabla428[[#This Row],[MES 9]]+Tabla428[[#This Row],[MES 10]]+Tabla428[[#This Row],[MES 11]]+Tabla428[[#This Row],[MES 12]] -> 12 | AD8: FIJO | AE8: 1 | AF8: =+Tabla428[[#This Row],[TOTAL]]*AE8 -> 152921.06 | AG8: ASMA | AH8: 12
A9: CPI_74 | B9: NUTRICION PRIMERA VEZ / PROGRAMAS | C9: =_xlfn.XLOOKUP(Tabla428[[#This Row],[Servicios del Programa:]],Tabla151[CODIGO],Tabla151[VALOR]) -> Consultas | D9: 1 | E9: {=IF(D9="X",(_xlfn.XLOOKUP($B9,Tabla1[SERVICIO],Tabla1[VALOR])*1),IF(D9>=1,_xlfn.XLOOKUP($B9,Tabla1[SERVICIO],Tabla1[VALOR]*D9),0))} -> 20406.133 | G9: {=IF(F9="X",(_xlfn.XLOOKUP($B9,Tabla1[SERVICIO],Tabla1[VALOR])*1),IF(F9>=1,_xlfn.XLOOKUP($B9,Tabla1[SERVICIO],Tabla1[VALOR]*F9),0))} -> 0 | I9: {=IF(H9="X",(_xlfn.XLOOKUP($B9,Tabla1[SERVICIO],Tabla1[VALOR])*1),IF(H9>=1,_xlfn.XLOOKUP($B9,Tabla1[SERVICIO],Tabla1[VALOR]*H9),0))} -> 0 | K9: {=IF(J9="X",(_xlfn.XLOOKUP($B9,Tabla1[SERVICIO],Tabla1[VALOR])*1),IF(J9>=1,_xlfn.XLOOKUP($B9,Tabla1[SERVICIO],Tabla1[VALOR]*J9),0))} -> 0 | M9: {=IF(L9="X",(_xlfn.XLOOKUP($B9,Tabla1[SERVICIO],Tabla1[VALOR])*1),IF(L9>=1,_xlfn.XLOOKUP($B9,Tabla1[SERVICIO],Tabla1[VALOR]*L9),0))} -> 0 | O9: {=IF(N9="X",(_xlfn.XLOOKUP($B9,Tabla1[SERVICIO],Tabla1[VALOR])*1),IF(N9>=1,_xlfn.XLOOKUP($B9,Tabla1[SERVICIO],Tabla1[VALOR]*N9),0))} -> 0 | Q9: {=IF(P9="X",(_xlfn.XLOOKUP($B9,Tabla1[SERVICIO],Tabla1[VALOR])*1),IF(P9>=1,_xlfn.XLOOKUP($B9,Tabla1[SERVICIO],Tabla1[VALOR]*P9),0))} -> 0 | S9: {=IF(R9="X",(_xlfn.XLOOKUP($B9,Tabla1[SERVICIO],Tabla1[VALOR])*1),IF(R9>=1,_xlfn.XLOOKUP($B9,Tabla1[SERVICIO],Tabla1[VALOR]*R9),0))} -> 0 | U9: {=IF(T9="X",(_xlfn.XLOOKUP($B9,Tabla1[SERVICIO],Tabla1[VALOR])*1),IF(T9>=1,_xlfn.XLOOKUP($B9,Tabla1[SERVICIO],Tabla1[VALOR]*T9),0))} -> 0 | W9: {=IF(V9="X",(_xlfn.XLOOKUP($B9,Tabla1[SERVICIO],Tabla1[VALOR])*1),IF(V9>=1,_xlfn.XLOOKUP($B9,Tabla1[SERVICIO],Tabla1[VALOR]*V9),0))} -> 0 | Y9: {=IF(X9="X",(_xlfn.XLOOKUP($B9,Tabla1[SERVICIO],Tabla1[VALOR])*1),IF(X9>=1,_xlfn.XLOOKUP($B9,Tabla1[SERVICIO],Tabla1[VALOR]*X9),0))} -> 0 | AA9: {=IF(Z9="X",(_xlfn.XLOOKUP($B9,Tabla1[SERVICIO],Tabla1[VALOR])*1),IF(Z9>=1,_xlfn.XLOOKUP($B9,Tabla1[SERVICIO],Tabla1[VALOR]*Z9),0))} -> 0 | AB9: =+E9+G9+I9+K9+M9+O9+Q9+S9+U9+W9+Y9+AA9 -> 20406.133 | AC9: =+Tabla428[[#This Row],[MES 1]]+Tabla428[[#This Row],[MES 2]]+Tabla428[[#This Row],[MES 3]]+Tabla428[[#This Row],[MES 4]]+Tabla428[[#This Row],[MES 5]]+Tabla428[[#This Row],[MES 6]]+Tabla428[[#This Row],[MES 7]]+Tabla428[[#This Row],[MES 8]]+Tabla428[[#This Row],[MES 9]]+Tabla428[[#This Row],[MES 10]]+Tabla428[[#This Row],[MES 11]]+Tabla428[[#This Row],[MES 12]] -> 1 | AD9: FIJO | AE9: 1 | AF9: =+Tabla428[[#This Row],[TOTAL]]*AE9 -> 20406.133 | AG9: ASMA | AH9: 12
A10: CPI_76 | B10: PSICOLOGIA PRIMERA VEZ / PROGRAMAS | C10: =_xlfn.XLOOKUP(Tabla428[[#This Row],[Servicios del Programa:]],Tabla151[CODIGO],Tabla151[VALOR]) -> Consultas | D10: 1 | E10: {=IF(D10="X",(_xlfn.XLOOKUP($B10,Tabla1[SERVICIO],Tabla1[VALOR])*1),IF(D10>=1,_xlfn.XLOOKUP($B10,Tabla1[SERVICIO],Tabla1[VALOR]*D10),0))} -> 18768.368 | G10: {=IF(F10="X",(_xlfn.XLOOKUP($B10,Tabla1[SERVICIO],Tabla1[VALOR])*1),IF(F10>=1,_xlfn.XLOOKUP($B10,Tabla1[SERVICIO],Tabla1[VALOR]*F10),0))} -> 0 | I10: {=IF(H10="X",(_xlfn.XLOOKUP($B10,Tabla1[SERVICIO],Tabla1[VALOR])*1),IF(H10>=1,_xlfn.XLOOKUP($B10,Tabla1[SERVICIO],Tabla1[VALOR]*H10),0))} -> 0 | K10: {=IF(J10="X",(_xlfn.XLOOKUP($B10,Tabla1[SERVICIO],Tabla1[VALOR])*1),IF(J10>=1,_xlfn.XLOOKUP($B10,Tabla1[SERVICIO],Tabla1[VALOR]*J10),0))} -> 0 | M10: {=IF(L10="X",(_xlfn.XLOOKUP($B10,Tabla1[SERVICIO],Tabla1[VALOR])*1),IF(L10>=1,_xlfn.XLOOKUP($B10,Tabla1[SERVICIO],Tabla1[VALOR]*L10),0))} -> 0 | O10: {=IF(N10="X",(_xlfn.XLOOKUP($B10,Tabla1[SERVICIO],Tabla1[VALOR])*1),IF(N10>=1,_xlfn.XLOOKUP($B10,Tabla1[SERVICIO],Tabla1[VALOR]*N10),0))} -> 0 | Q10: {=IF(P10="X",(_xlfn.XLOOKUP($B10,Tabla1[SERVICIO],Tabla1[VALOR])*1),IF(P10>=1,_xlfn.XLOOKUP($B10,Tabla1[SERVICIO],Tabla1[VALOR]*P10),0))} -> 0 | S10: {=IF(R10="X",(_xlfn.XLOOKUP($B10,Tabla1[SERVICIO],Tabla1[VALOR])*1),IF(R10>=1,_xlfn.XLOOKUP($B10,Tabla1[SERVICIO],Tabla1[VALOR]*R10),0))} -> 0 | U10: {=IF(T10="X",(_xlfn.XLOOKUP($B10,Tabla1[SERVICIO],Tabla1[VALOR])*1),IF(T10>=1,_xlfn.XLOOKUP($B10,Tabla1[SERVICIO],Tabla1[VALOR]*T10),0))} -> 0 | W10: {=IF(V10="X",(_xlfn.XLOOKUP($B10,Tabla1[SERVICIO],Tabla1[VALOR])*1),IF(V10>=1,_xlfn.XLOOKUP($B10,Tabla1[SERVICIO],Tabla1[VALOR]*V10),0))} -> 0 | Y10: {=IF(X10="X",(_xlfn.XLOOKUP($B10,Tabla1[SERVICIO],Tabla1[VALOR])*1),IF(X10>=1,_xlfn.XLOOKUP($B10,Tabla1[SERVICIO],Tabla1[VALOR]*X10),0))} -> 0 | AA10: {=IF(Z10="X",(_xlfn.XLOOKUP($B10,Tabla1[SERVICIO],Tabla1[VALOR])*1),IF(Z10>=1,_xlfn.XLOOKUP($B10,Tabla1[SERVICIO],Tabla1[VALOR]*Z10),0))} -> 0 | AB10: =+E10+G10+I10+K10+M10+O10+Q10+S10+U10+W10+Y10+AA10 -> 18768.368 | AC10: =+Tabla428[[#This Row],[MES 1]]+Tabla428[[#This Row],[MES 2]]+Tabla428[[#This Row],[MES 3]]+Tabla428[[#This Row],[MES 4]]+Tabla428[[#This Row],[MES 5]]+Tabla428[[#This Row],[MES 6]]+Tabla428[[#This Row],[MES 7]]+Tabla428[[#This Row],[MES 8]]+Tabla428[[#This Row],[MES 9]]+Tabla428[[#This Row],[MES 10]]+Tabla428[[#This Row],[MES 11]]+Tabla428[[#This Row],[MES 12]] -> 1 | AD10: FIJO | AE10: 1 | AF10: =+Tabla428[[#This Row],[TOTAL]]*AE10 -> 18768.368 | AG10: ASMA | AH10: 12
A11: CPI_81 | B11: FISIOTERAPIA PRIMERA VEZ / PROGRAMAS | C11: =_xlfn.XLOOKUP(Tabla428[[#This Row],[Servicios del Programa:]],Tabla151[CODIGO],Tabla151[VALOR]) -> Consultas | E11: {=IF(D11="X",(_xlfn.XLOOKUP($B11,Tabla1[SERVICIO],Tabla1[VALOR])*1),IF(D11>=1,_xlfn.XLOOKUP($B11,Tabla1[SERVICIO],Tabla1[VALOR]*D11),0))} -> 0 | G11: {=IF(F11="X",(_xlfn.XLOOKUP($B11,Tabla1[SERVICIO],Tabla1[VALOR])*1),IF(F11>=1,_xlfn.XLOOKUP($B11,Tabla1[SERVICIO],Tabla1[VALOR]*F11),0))} -> 0 | H11: 1 | I11: {=IF(H11="X",(_xlfn.XLOOKUP($B11,Tabla1[SERVICIO],Tabla1[VALOR])*1),IF(H11>=1,_xlfn.XLOOKUP($B11,Tabla1[SERVICIO],Tabla1[VALOR]*H11),0))} -> 19368.009 | K11: {=IF(J11="X",(_xlfn.XLOOKUP($B11,Tabla1[SERVICIO],Tabla1[VALOR])*1),IF(J11>=1,_xlfn.XLOOKUP($B11,Tabla1[SERVICIO],Tabla1[VALOR]*J11),0))} -> 0 | M11: {=IF(L11="X",(_xlfn.XLOOKUP($B11,Tabla1[SERVICIO],Tabla1[VALOR])*1),IF(L11>=1,_xlfn.XLOOKUP($B11,Tabla1[SERVICIO],Tabla1[VALOR]*L11),0))} -> 0 | O11: {=IF(N11="X",(_xlfn.XLOOKUP($B11,Tabla1[SERVICIO],Tabla1[VALOR])*1),IF(N11>=1,_xlfn.XLOOKUP($B11,Tabla1[SERVICIO],Tabla1[VALOR]*N11),0))} -> 0 | Q11: {=IF(P11="X",(_xlfn.XLOOKUP($B11,Tabla1[SERVICIO],Tabla1[VALOR])*1),IF(P11>=1,_xlfn.XLOOKUP($B11,Tabla1[SERVICIO],Tabla1[VALOR]*P11),0))} -> 0 | S11: {=IF(R11="X",(_xlfn.XLOOKUP($B11,Tabla1[SERVICIO],Tabla1[VALOR])*1),IF(R11>=1,_xlfn.XLOOKUP($B11,Tabla1[SERVICIO],Tabla1[VALOR]*R11),0))} -> 0 | U11: {=IF(T11="X",(_xlfn.XLOOKUP($B11,Tabla1[SERVICIO],Tabla1[VALOR])*1),IF(T11>=1,_xlfn.XLOOKUP($B11,Tabla1[SERVICIO],Tabla1[VALOR]*T11),0))} -> 0 | W11: {=IF(V11="X",(_xlfn.XLOOKUP($B11,Tabla1[SERVICIO],Tabla1[VALOR])*1),IF(V11>=1,_xlfn.XLOOKUP($B11,Tabla1[SERVICIO],Tabla1[VALOR]*V11),0))} -> 0 | Y11: {=IF(X11="X",(_xlfn.XLOOKUP($B11,Tabla1[SERVICIO],Tabla1[VALOR])*1),IF(X11>=1,_xlfn.XLOOKUP($B11,Tabla1[SERVICIO],Tabla1[VALOR]*X11),0))} -> 0 | AA11: {=IF(Z11="X",(_xlfn.XLOOKUP($B11,Tabla1[SERVICIO],Tabla1[VALOR])*1),IF(Z11>=1,_xlfn.XLOOKUP($B11,Tabla1[SERVICIO],Tabla1[VALOR]*Z11),0))} -> 0 | AB11: =+E11+G11+I11+K11+M11+O11+Q11+S11+U11+W11+Y11+AA11 -> 19368.009 | AC11: =+Tabla428[[#This Row],[MES 1]]+Tabla428[[#This Row],[MES 2]]+Tabla428[[#This Row],[MES 3]]+Tabla428[[#This Row],[MES 4]]+Tabla428[[#This Row],[MES 5]]+Tabla428[[#This Row],[MES 6]]+Tabla428[[#This Row],[MES 7]]+Tabla428[[#This Row],[MES 8]]+Tabla428[[#This Row],[MES 9]]+Tabla428[[#This Row],[MES 10]]+Tabla428[[#This Row],[MES 11]]+Tabla428[[#This Row],[MES 12]] -> 1 | AD11: FIJO | AE11: 1 | AF11: =+Tabla428[[#This Row],[TOTAL]]*AE11 -> 19368.009 | AG11: ASMA | AH11: 12
A12: CPI_03 | B12: REHABILITACION CONTROL / PROGRAMAS (1, 2 o 3 Sesiones semana) | C12: =_xlfn.XLOOKUP(Tabla428[[#This Row],[Servicios del Programa:]],Tabla151[CODIGO],Tabla151[VALOR]) -> Terapias | E12: {=IF(D12="X",(_xlfn.XLOOKUP($B12,Tabla1[SERVICIO],Tabla1[VALOR])*1),IF(D12>=1,_xlfn.XLOOKUP($B12,Tabla1[SERVICIO],Tabla1[VALOR]*D12),0))} -> 0 | G12: {=IF(F12="X",(_xlfn.XLOOKUP($B12,Tabla1[SERVICIO],Tabla1[VALOR])*1),IF(F12>=1,_xlfn.XLOOKUP($B12,Tabla1[SERVICIO],Tabla1[VALOR]*F12),0))} -> 0 | H12: 8 | I12: {=IF(H12="X",(_xlfn.XLOOKUP($B12,Tabla1[SERVICIO],Tabla1[VALOR])*1),IF(H12>=1,_xlfn.XLOOKUP($B12,Tabla1[SERVICIO],Tabla1[VALOR]*H12),0))} -> 70240.959 | J12: 8 | K12: {=IF(J12="X",(_xlfn.XLOOKUP($B12,Tabla1[SERVICIO],Tabla1[VALOR])*1),IF(J12>=1,_xlfn.XLOOKUP($B12,Tabla1[SERVICIO],Tabla1[VALOR]*J12),0))} -> 70240.959 | L12: 8 | M12: {=IF(L12="X",(_xlfn.XLOOKUP($B12,Tabla1[SERVICIO],Tabla1[VALOR])*1),IF(L12>=1,_xlfn.XLOOKUP($B12,Tabla1[SERVICIO],Tabla1[VALOR]*L12),0))} -> 70240.959 | N12: 8 | O12: {=IF(N12="X",(_xlfn.XLOOKUP($B12,Tabla1[SERVICIO],Tabla1[VALOR])*1),IF(N12>=1,_xlfn.XLOOKUP($B12,Tabla1[SERVICIO],Tabla1[VALOR]*N12),0))} -> 70240.959 | P12: 8 | Q12: {=IF(P12="X",(_xlfn.XLOOKUP($B12,Tabla1[SERVICIO],Tabla1[VALOR])*1),IF(P12>=1,_xlfn.XLOOKUP($B12,Tabla1[SERVICIO],Tabla1[VALOR]*P12),0))} -> 70240.959 | R12: 8 | S12: {=IF(R12="X",(_xlfn.XLOOKUP($B12,Tabla1[SERVICIO],Tabla1[VALOR])*1),IF(R12>=1,_xlfn.XLOOKUP($B12,Tabla1[SERVICIO],Tabla1[VALOR]*R12),0))} -> 70240.959 | T12: 8 | U12: {=IF(T12="X",(_xlfn.XLOOKUP($B12,Tabla1[SERVICIO],Tabla1[VALOR])*1),IF(T12>=1,_xlfn.XLOOKUP($B12,Tabla1[SERVICIO],Tabla1[VALOR]*T12),0))} -> 70240.959 | V12: 8 | W12: {=IF(V12="X",(_xlfn.XLOOKUP($B12,Tabla1[SERVICIO],Tabla1[VALOR])*1),IF(V12>=1,_xlfn.XLOOKUP($B12,Tabla1[SERVICIO],Tabla1[VALOR]*V12),0))} -> 70240.959 | X12: 8 | Y12: {=IF(X12="X",(_xlfn.XLOOKUP($B12,Tabla1[SERVICIO],Tabla1[VALOR])*1),IF(X12>=1,_xlfn.XLOOKUP($B12,Tabla1[SERVICIO],Tabla1[VALOR]*X12),0))} -> 70240.959 | Z12: 8 | AA12: {=IF(Z12="X",(_xlfn.XLOOKUP($B12,Tabla1[SERVICIO],Tabla1[VALOR])*1),IF(Z12>=1,_xlfn.XLOOKUP($B12,Tabla1[SERVICIO],Tabla1[VALOR]*Z12),0))} -> 70240.959 | AB12: =+E12+G12+I12+K12+M12+O12+Q12+S12+U12+W12+Y12+AA12 -> 702409.59 | AC12: =+Tabla428[[#This Row],[MES 1]]+Tabla428[[#This Row],[MES 2]]+Tabla428[[#This Row],[MES 3]]+Tabla428[[#This Row],[MES 4]]+Tabla428[[#This Row],[MES 5]]+Tabla428[[#This Row],[MES 6]]+Tabla428[[#This Row],[MES 7]]+Tabla428[[#This Row],[MES 8]]+Tabla428[[#This Row],[MES 9]]+Tabla428[[#This Row],[MES 10]]+Tabla428[[#This Row],[MES 11]]+Tabla428[[#This Row],[MES 12]] -> 80 | AD12: FIJO | AE12: 1 | AF12: =+Tabla428[[#This Row],[TOTAL]]*AE12 -> 702409.59 | AG12: ASMA | AH12: 12 | AI12: =+AF12/80 -> 8780.1199
A13: CPI_75 | B13: NUTRICION CONTROL / PROGRAMAS | C13: =_xlfn.XLOOKUP(Tabla428[[#This Row],[Servicios del Programa:]],Tabla151[CODIGO],Tabla151[VALOR]) -> Consultas | E13: {=IF(D13="X",(_xlfn.XLOOKUP($B13,Tabla1[SERVICIO],Tabla1[VALOR])*1),IF(D13>=1,_xlfn.XLOOKUP($B13,Tabla1[SERVICIO],Tabla1[VALOR]*D13),0))} -> 0 | G13: {=IF(F13="X",(_xlfn.XLOOKUP($B13,Tabla1[SERVICIO],Tabla1[VALOR])*1),IF(F13>=1,_xlfn.XLOOKUP($B13,Tabla1[SERVICIO],Tabla1[VALOR]*F13),0))} -> 0 | I13: {=IF(H13="X",(_xlfn.XLOOKUP($B13,Tabla1[SERVICIO],Tabla1[VALOR])*1),IF(H13>=1,_xlfn.XLOOKUP($B13,Tabla1[SERVICIO],Tabla1[VALOR]*H13),0))} -> 0 | K13: {=IF(J13="X",(_xlfn.XLOOKUP($B13,Tabla1[SERVICIO],Tabla1[VALOR])*1),IF(J13>=1,_xlfn.XLOOKUP($B13,Tabla1[SERVICIO],Tabla1[VALOR]*J13),0))} -> 0 | M13: {=IF(L13="X",(_xlfn.XLOOKUP($B13,Tabla1[SERVICIO],Tabla1[VALOR])*1),IF(L13>=1,_xlfn.XLOOKUP($B13,Tabla1[SERVICIO],Tabla1[VALOR]*L13),0))} -> 0 | O13: {=IF(N13="X",(_xlfn.XLOOKUP($B13,Tabla1[SERVICIO],Tabla1[VALOR])*1),IF(N13>=1,_xlfn.XLOOKUP($B13,Tabla1[SERVICIO],Tabla1[VALOR]*N13),0))} -> 0 | Q13: {=IF(P13="X",(_xlfn.XLOOKUP($B13,Tabla1[SERVICIO],Tabla1[VALOR])*1),IF(P13>=1,_xlfn.XLOOKUP($B13,Tabla1[SERVICIO],Tabla1[VALOR]*P13),0))} -> 0 | S13: {=IF(R13="X",(_xlfn.XLOOKUP($B13,Tabla1[SERVICIO],Tabla1[VALOR])*1),IF(R13>=1,_xlfn.XLOOKUP($B13,Tabla1[SERVICIO],Tabla1[VALOR]*R13),0))} -> 0 | U13: {=IF(T13="X",(_xlfn.XLOOKUP($B13,Tabla1[SERVICIO],Tabla1[VALOR])*1),IF(T13>=1,_xlfn.XLOOKUP($B13,Tabla1[SERVICIO],Tabla1[VALOR]*T13),0))} -> 0 | W13: {=IF(V13="X",(_xlfn.XLOOKUP($B13,Tabla1[SERVICIO],Tabla1[VALOR])*1),IF(V13>=1,_xlfn.XLOOKUP($B13,Tabla1[SERVICIO],Tabla1[VALOR]*V13),0))} -> 0 | Y13: {=IF(X13="X",(_xlfn.XLOOKUP($B13,Tabla1[SERVICIO],Tabla1[VALOR])*1),IF(X13>=1,_xlfn.XLOOKUP($B13,Tabla1[SERVICIO],Tabla1[VALOR]*X13),0))} -> 0 | Z13: 1 | AA13: {=IF(Z13="X",(_xlfn.XLOOKUP($B13,Tabla1[SERVICIO],Tabla1[VALOR])*1),IF(Z13>=1,_xlfn.XLOOKUP($B13,Tabla1[SERVICIO],Tabla1[VALOR]*Z13),0))} -> 22052.521 | AB13: =+E13+G13+I13+K13+M13+O13+Q13+S13+U13+W13+Y13+AA13 -> 22052.521 | AC13: =+Tabla428[[#This Row],[MES 1]]+Tabla428[[#This Row],[MES 2]]+Tabla428[[#This Row],[MES 3]]+Tabla428[[#This Row],[MES 4]]+Tabla428[[#This Row],[MES 5]]+Tabla428[[#This Row],[MES 6]]+Tabla428[[#This Row],[MES 7]]+Tabla428[[#This Row],[MES 8]]+Tabla428[[#This Row],[MES 9]]+Tabla428[[#This Row],[MES 10]]+Tabla428[[#This Row],[MES 11]]+Tabla428[[#This Row],[MES 12]] -> 1 | AD13: FIJO | AE13: 1 | AF13: =+Tabla428[[#This Row],[TOTAL]]*AE13 -> 22052.521 | AG13: ASMA | AH13: 12
A14: CPI_77 | B14: PSICOLOGIA CONTROL / PROGRAMAS | C14: =_xlfn.XLOOKUP(Tabla428[[#This Row],[Servicios del Programa:]],Tabla151[CODIGO],Tabla151[VALOR]) -> Consultas | E14: {=IF(D14="X",(_xlfn.XLOOKUP($B14,Tabla1[SERVICIO],Tabla1[VALOR])*1),IF(D14>=1,_xlfn.XLOOKUP($B14,Tabla1[SERVICIO],Tabla1[VALOR]*D14),0))} -> 0 | G14: {=IF(F14="X",(_xlfn.XLOOKUP($B14,Tabla1[SERVICIO],Tabla1[VALOR])*1),IF(F14>=1,_xlfn.XLOOKUP($B14,Tabla1[SERVICIO],Tabla1[VALOR]*F14),0))} -> 0 | I14: {=IF(H14="X",(_xlfn.XLOOKUP($B14,Tabla1[SERVICIO],Tabla1[VALOR])*1),IF(H14>=1,_xlfn.XLOOKUP($B14,Tabla1[SERVICIO],Tabla1[VALOR]*H14),0))} -> 0 | K14: {=IF(J14="X",(_xlfn.XLOOKUP($B14,Tabla1[SERVICIO],Tabla1[VALOR])*1),IF(J14>=1,_xlfn.XLOOKUP($B14,Tabla1[SERVICIO],Tabla1[VALOR]*J14),0))} -> 0 | M14: {=IF(L14="X",(_xlfn.XLOOKUP($B14,Tabla1[SERVICIO],Tabla1[VALOR])*1),IF(L14>=1,_xlfn.XLOOKUP($B14,Tabla1[SERVICIO],Tabla1[VALOR]*L14),0))} -> 0 | O14: {=IF(N14="X",(_xlfn.XLOOKUP($B14,Tabla1[SERVICIO],Tabla1[VALOR])*1),IF(N14>=1,_xlfn.XLOOKUP($B14,Tabla1[SERVICIO],Tabla1[VALOR]*N14),0))} -> 0 | Q14: {=IF(P14="X",(_xlfn.XLOOKUP($B14,Tabla1[SERVICIO],Tabla1[VALOR])*1),IF(P14>=1,_xlfn.XLOOKUP($B14,Tabla1[SERVICIO],Tabla1[VALOR]*P14),0))} -> 0 | S14: {=IF(R14="X",(_xlfn.XLOOKUP($B14,Tabla1[SERVICIO],Tabla1[VALOR])*1),IF(R14>=1,_xlfn.XLOOKUP($B14,Tabla1[SERVICIO],Tabla1[VALOR]*R14),0))} -> 0 | U14: {=IF(T14="X",(_xlfn.XLOOKUP($B14,Tabla1[SERVICIO],Tabla1[VALOR])*1),IF(T14>=1,_xlfn.XLOOKUP($B14,Tabla1[SERVICIO],Tabla1[VALOR]*T14),0))} -> 0 | W14: {=IF(V14="X",(_xlfn.XLOOKUP($B14,Tabla1[SERVICIO],Tabla1[VALOR])*1),IF(V14>=1,_xlfn.XLOOKUP($B14,Tabla1[SERVICIO],Tabla1[VALOR]*V14),0))} -> 0 | Y14: {=IF(X14="X",(_xlfn.XLOOKUP($B14,Tabla1[SERVICIO],Tabla1[VALOR])*1),IF(X14>=1,_xlfn.XLOOKUP($B14,Tabla1[SERVICIO],Tabla1[VALOR]*X14),0))} -> 0 | Z14: 1 | AA14: {=IF(Z14="X",(_xlfn.XLOOKUP($B14,Tabla1[SERVICIO],Tabla1[VALOR])*1),IF(Z14>=1,_xlfn.XLOOKUP($B14,Tabla1[SERVICIO],Tabla1[VALOR]*Z14),0))} -> 20414.756 | AB14: =+E14+G14+I14+K14+M14+O14+Q14+S14+U14+W14+Y14+AA14 -> 20414.756 | AC14: =+Tabla428[[#This Row],[MES 1]]+Tabla428[[#This Row],[MES 2]]+Tabla428[[#This Row],[MES 3]]+Tabla428[[#This Row],[MES 4]]+Tabla428[[#This Row],[MES 5]]+Tabla428[[#This Row],[MES 6]]+Tabla428[[#This Row],[MES 7]]+Tabla428[[#This Row],[MES 8]]+Tabla428[[#This Row],[MES 9]]+Tabla428[[#This Row],[MES 10]]+Tabla428[[#This Row],[MES 11]]+Tabla428[[#This Row],[MES 12]] -> 1 | AD14: FIJO | AE14: 1 | AF14: =+Tabla428[[#This Row],[TOTAL]]*AE14 -> 20414.756 | AG14: ASMA | AH14: 12
A15: CPI_15 | B15: ESPIROMETRIA PRE Y POST BRONCODILATADORES / PROGRAMAS | C15: =_xlfn.XLOOKUP(Tabla428[[#This Row],[Servicios del Programa:]],Tabla151[CODIGO],Tabla151[VALOR]) -> Diagnosticos | D15: 1 | E15: {=IF(D15="X",(_xlfn.XLOOKUP($B15,Tabla1[SERVICIO],Tabla1[VALOR])*1),IF(D15>=1,_xlfn.XLOOKUP($B15,Tabla1[SERVICIO],Tabla1[VALOR]*D15),0))} -> 43480.817 | G15: {=IF(F15="X",(_xlfn.XLOOKUP($B15,Tabla1[SERVICIO],Tabla1[VALOR])*1),IF(F15>=1,_xlfn.XLOOKUP($B15,Tabla1[SERVICIO],Tabla1[VALOR]*F15),0))} -> 0 | I15: {=IF(H15="X",(_xlfn.XLOOKUP($B15,Tabla1[SERVICIO],Tabla1[VALOR])*1),IF(H15>=1,_xlfn.XLOOKUP($B15,Tabla1[SERVICIO],Tabla1[VALOR]*H15),0))} -> 0 | K15: {=IF(J15="X",(_xlfn.XLOOKUP($B15,Tabla1[SERVICIO],Tabla1[VALOR])*1),IF(J15>=1,_xlfn.XLOOKUP($B15,Tabla1[SERVICIO],Tabla1[VALOR]*J15),0))} -> 0 | M15: {=IF(L15="X",(_xlfn.XLOOKUP($B15,Tabla1[SERVICIO],Tabla1[VALOR])*1),IF(L15>=1,_xlfn.XLOOKUP($B15,Tabla1[SERVICIO],Tabla1[VALOR]*L15),0))} -> 0 | O15: {=IF(N15="X",(_xlfn.XLOOKUP($B15,Tabla1[SERVICIO],Tabla1[VALOR])*1),IF(N15>=1,_xlfn.XLOOKUP($B15,Tabla1[SERVICIO],Tabla1[VALOR]*N15),0))} -> 0 | Q15: {=IF(P15="X",(_xlfn.XLOOKUP($B15,Tabla1[SERVICIO],Tabla1[VALOR])*1),IF(P15>=1,_xlfn.XLOOKUP($B15,Tabla1[SERVICIO],Tabla1[VALOR]*P15),0))} -> 0 | S15: {=IF(R15="X",(_xlfn.XLOOKUP($B15,Tabla1[SERVICIO],Tabla1[VALOR])*1),IF(R15>=1,_xlfn.XLOOKUP($B15,Tabla1[SERVICIO],Tabla1[VALOR]*R15),0))} -> 0 | U15: {=IF(T15="X",(_xlfn.XLOOKUP($B15,Tabla1[SERVICIO],Tabla1[VALOR])*1),IF(T15>=1,_xlfn.XLOOKUP($B15,Tabla1[SERVICIO],Tabla1[VALOR]*T15),0))} -> 0 | W15: {=IF(V15="X",(_xlfn.XLOOKUP($B15,Tabla1[SERVICIO],Tabla1[VALOR])*1),IF(V15>=1,_xlfn.XLOOKUP($B15,Tabla1[SERVICIO],Tabla1[VALOR]*V15),0))} -> 0 | Y15: {=IF(X15="X",(_xlfn.XLOOKUP($B15,Tabla1[SERVICIO],Tabla1[VALOR])*1),IF(X15>=1,_xlfn.XLOOKUP($B15,Tabla1[SERVICIO],Tabla1[VALOR]*X15),0))} -> 0 | Z15: 1 | AA15: {=IF(Z15="X",(_xlfn.XLOOKUP($B15,Tabla1[SERVICIO],Tabla1[VALOR])*1),IF(Z15>=1,_xlfn.XLOOKUP($B15,Tabla1[SERVICIO],Tabla1[VALOR]*Z15),0))} -> 43480.817 | AB15: =+E15+G15+I15+K15+M15+O15+Q15+S15+U15+W15+Y15+AA15 -> 86961.634 | AC15: =+Tabla428[[#This Row],[MES 1]]+Tabla428[[#This Row],[MES 2]]+Tabla428[[#This Row],[MES 3]]+Tabla428[[#This Row],[MES 4]]+Tabla428[[#This Row],[MES 5]]+Tabla428[[#This Row],[MES 6]]+Tabla428[[#This Row],[MES 7]]+Tabla428[[#This Row],[MES 8]]+Tabla428[[#This Row],[MES 9]]+Tabla428[[#This Row],[MES 10]]+Tabla428[[#This Row],[MES 11]]+Tabla428[[#This Row],[MES 12]] -> 2 | AD15: FIJO | AE15: 1 | AF15: =+Tabla428[[#This Row],[TOTAL]]*AE15 -> 86961.634 | AG15: ASMA | AH15: 12
A16: CPI_28 | B16: CAMINATA 6 MINUTOS / PROGRAMAS | C16: =_xlfn.XLOOKUP(Tabla428[[#This Row],[Servicios del Programa:]],Tabla151[CODIGO],Tabla151[VALOR]) -> Diagnosticos | E16: {=IF(D16="X",(_xlfn.XLOOKUP($B16,Tabla1[SERVICIO],Tabla1[VALOR])*1),IF(D16>=1,_xlfn.XLOOKUP($B16,Tabla1[SERVICIO],Tabla1[VALOR]*D16),0))} -> 0 | G16: {=IF(F16="X",(_xlfn.XLOOKUP($B16,Tabla1[SERVICIO],Tabla1[VALOR])*1),IF(F16>=1,_xlfn.XLOOKUP($B16,Tabla1[SERVICIO],Tabla1[VALOR]*F16),0))} -> 0 | H16: 1 | I16: {=IF(H16="X",(_xlfn.XLOOKUP($B16,Tabla1[SERVICIO],Tabla1[VALOR])*1),IF(H16>=1,_xlfn.XLOOKUP($B16,Tabla1[SERVICIO],Tabla1[VALOR]*H16),0))} -> 19392.627 | K16: {=IF(J16="X",(_xlfn.XLOOKUP($B16,Tabla1[SERVICIO],Tabla1[VALOR])*1),IF(J16>=1,_xlfn.XLOOKUP($B16,Tabla1[SERVICIO],Tabla1[VALOR]*J16),0))} -> 0 | M16: {=IF(L16="X",(_xlfn.XLOOKUP($B16,Tabla1[SERVICIO],Tabla1[VALOR])*1),IF(L16>=1,_xlfn.XLOOKUP($B16,Tabla1[SERVICIO],Tabla1[VALOR]*L16),0))} -> 0 | O16: {=IF(N16="X",(_xlfn.XLOOKUP($B16,Tabla1[SERVICIO],Tabla1[VALOR])*1),IF(N16>=1,_xlfn.XLOOKUP($B16,Tabla1[SERVICIO],Tabla1[VALOR]*N16),0))} -> 0 | Q16: {=IF(P16="X",(_xlfn.XLOOKUP($B16,Tabla1[SERVICIO],Tabla1[VALOR])*1),IF(P16>=1,_xlfn.XLOOKUP($B16,Tabla1[SERVICIO],Tabla1[VALOR]*P16),0))} -> 0 | S16: {=IF(R16="X",(_xlfn.XLOOKUP($B16,Tabla1[SERVICIO],Tabla1[VALOR])*1),IF(R16>=1,_xlfn.XLOOKUP($B16,Tabla1[SERVICIO],Tabla1[VALOR]*R16),0))} -> 0 | U16: {=IF(T16="X",(_xlfn.XLOOKUP($B16,Tabla1[SERVICIO],Tabla1[VALOR])*1),IF(T16>=1,_xlfn.XLOOKUP($B16,Tabla1[SERVICIO],Tabla1[VALOR]*T16),0))} -> 0 | W16: {=IF(V16="X",(_xlfn.XLOOKUP($B16,Tabla1[SERVICIO],Tabla1[VALOR])*1),IF(V16>=1,_xlfn.XLOOKUP($B16,Tabla1[SERVICIO],Tabla1[VALOR]*V16),0))} -> 0 | Y16: {=IF(X16="X",(_xlfn.XLOOKUP($B16,Tabla1[SERVICIO],Tabla1[VALOR])*1),IF(X16>=1,_xlfn.XLOOKUP($B16,Tabla1[SERVICIO],Tabla1[VALOR]*X16),0))} -> 0 | Z16: 1 | AA16: {=IF(Z16="X",(_xlfn.XLOOKUP($B16,Tabla1[SERVICIO],Tabla1[VALOR])*1),IF(Z16>=1,_xlfn.XLOOKUP($B16,Tabla1[SERVICIO],Tabla1[VALOR]*Z16),0))} -> 19392.627 | AB16: =+E16+G16+I16+K16+M16+O16+Q16+S16+U16+W16+Y16+AA16 -> 38785.254 | AC16: =+Tabla428[[#This Row],[MES 1]]+Tabla428[[#This Row],[MES 2]]+Tabla428[[#This Row],[MES 3]]+Tabla428[[#This Row],[MES 4]]+Tabla428[[#This Row],[MES 5]]+Tabla428[[#This Row],[MES 6]]+Tabla428[[#This Row],[MES 7]]+Tabla428[[#This Row],[MES 8]]+Tabla428[[#This Row],[MES 9]]+Tabla428[[#This Row],[MES 10]]+Tabla428[[#This Row],[MES 11]]+Tabla428[[#This Row],[MES 12]] -> 2 | AD16: FIJO | AE16: 1 | AF16: =+Tabla428[[#This Row],[TOTAL]]*AE16 -> 38785.254 | AG16: ASMA | AH16: 12
A17: CPI_21 | B17: FRACCIóN EXHALADA DE óxido NíTRICO (FeNo) / PROGRAMAS | C17: =_xlfn.XLOOKUP(Tabla428[[#This Row],[Servicios del Programa:]],Tabla151[CODIGO],Tabla151[VALOR]) -> Diagnosticos | D17: 1 | E17: {=IF(D17="X",(_xlfn.XLOOKUP($B17,Tabla1[SERVICIO],Tabla1[VALOR])*1),IF(D17>=1,_xlfn.XLOOKUP($B17,Tabla1[SERVICIO],Tabla1[VALOR]*D17),0))} -> 37683.908 | G17: {=IF(F17="X",(_xlfn.XLOOKUP($B17,Tabla1[SERVICIO],Tabla1[VALOR])*1),IF(F17>=1,_xlfn.XLOOKUP($B17,Tabla1[SERVICIO],Tabla1[VALOR]*F17),0))} -> 0 | I17: {=IF(H17="X",(_xlfn.XLOOKUP($B17,Tabla1[SERVICIO],Tabla1[VALOR])*1),IF(H17>=1,_xlfn.XLOOKUP($B17,Tabla1[SERVICIO],Tabla1[VALOR]*H17),0))} -> 0 | K17: {=IF(J17="X",(_xlfn.XLOOKUP($B17,Tabla1[SERVICIO],Tabla1[VALOR])*1),IF(J17>=1,_xlfn.XLOOKUP($B17,Tabla1[SERVICIO],Tabla1[VALOR]*J17),0))} -> 0 | M17: {=IF(L17="X",(_xlfn.XLOOKUP($B17,Tabla1[SERVICIO],Tabla1[VALOR])*1),IF(L17>=1,_xlfn.XLOOKUP($B17,Tabla1[SERVICIO],Tabla1[VALOR]*L17),0))} -> 0 | O17: {=IF(N17="X",(_xlfn.XLOOKUP($B17,Tabla1[SERVICIO],Tabla1[VALOR])*1),IF(N17>=1,_xlfn.XLOOKUP($B17,Tabla1[SERVICIO],Tabla1[VALOR]*N17),0))} -> 0 | Q17: {=IF(P17="X",(_xlfn.XLOOKUP($B17,Tabla1[SERVICIO],Tabla1[VALOR])*1),IF(P17>=1,_xlfn.XLOOKUP($B17,Tabla1[SERVICIO],Tabla1[VALOR]*P17),0))} -> 0 | S17: {=IF(R17="X",(_xlfn.XLOOKUP($B17,Tabla1[SERVICIO],Tabla1[VALOR])*1),IF(R17>=1,_xlfn.XLOOKUP($B17,Tabla1[SERVICIO],Tabla1[VALOR]*R17),0))} -> 0 | U17: {=IF(T17="X",(_xlfn.XLOOKUP($B17,Tabla1[SERVICIO],Tabla1[VALOR])*1),IF(T17>=1,_xlfn.XLOOKUP($B17,Tabla1[SERVICIO],Tabla1[VALOR]*T17),0))} -> 0 | W17: {=IF(V17="X",(_xlfn.XLOOKUP($B17,Tabla1[SERVICIO],Tabla1[VALOR])*1),IF(V17>=1,_xlfn.XLOOKUP($B17,Tabla1[SERVICIO],Tabla1[VALOR]*V17),0))} -> 0 | Y17: {=IF(X17="X",(_xlfn.XLOOKUP($B17,Tabla1[SERVICIO],Tabla1[VALOR])*1),IF(X17>=1,_xlfn.XLOOKUP($B17,Tabla1[SERVICIO],Tabla1[VALOR]*X17),0))} -> 0 | AA17: {=IF(Z17="X",(_xlfn.XLOOKUP($B17,Tabla1[SERVICIO],Tabla1[VALOR])*1),IF(Z17>=1,_xlfn.XLOOKUP($B17,Tabla1[SERVICIO],Tabla1[VALOR]*Z17),0))} -> 0 | AB17: =+E17+G17+I17+K17+M17+O17+Q17+S17+U17+W17+Y17+AA17 -> 37683.908 | AC17: =+Tabla428[[#This Row],[MES 1]]+Tabla428[[#This Row],[MES 2]]+Tabla428[[#This Row],[MES 3]]+Tabla428[[#This Row],[MES 4]]+Tabla428[[#This Row],[MES 5]]+Tabla428[[#This Row],[MES 6]]+Tabla428[[#This Row],[MES 7]]+Tabla428[[#This Row],[MES 8]]+Tabla428[[#This Row],[MES 9]]+Tabla428[[#This Row],[MES 10]]+Tabla428[[#This Row],[MES 11]]+Tabla428[[#This Row],[MES 12]] -> 1 | AD17: PROBABILISTICO | AE17: 0.13116124 | AF17: =+Tabla428[[#This Row],[TOTAL]]*AE17 -> 4942.668 | AG17: ASMA | AH17: 12
A18: CPI_22 | B18: VOLUMENES PULMONARES POR PLETISMOGRAFIA PRE Y POST BRONCODILATADORES / PROGRAMAS | C18: =_xlfn.XLOOKUP(Tabla428[[#This Row],[Servicios del Programa:]],Tabla151[CODIGO],Tabla151[VALOR]) -> Diagnosticos | D18: 1 | E18: {=IF(D18="X",(_xlfn.XLOOKUP($B18,Tabla1[SERVICIO],Tabla1[VALOR])*1),IF(D18>=1,_xlfn.XLOOKUP($B18,Tabla1[SERVICIO],Tabla1[VALOR]*D18),0))} -> 65169.207 | G18: {=IF(F18="X",(_xlfn.XLOOKUP($B18,Tabla1[SERVICIO],Tabla1[VALOR])*1),IF(F18>=1,_xlfn.XLOOKUP($B18,Tabla1[SERVICIO],Tabla1[VALOR]*F18),0))} -> 0 | I18: {=IF(H18="X",(_xlfn.XLOOKUP($B18,Tabla1[SERVICIO],Tabla1[VALOR])*1),IF(H18>=1,_xlfn.XLOOKUP($B18,Tabla1[SERVICIO],Tabla1[VALOR]*H18),0))} -> 0 | K18: {=IF(J18="X",(_xlfn.XLOOKUP($B18,Tabla1[SERVICIO],Tabla1[VALOR])*1),IF(J18>=1,_xlfn.XLOOKUP($B18,Tabla1[SERVICIO],Tabla1[VALOR]*J18),0))} -> 0 | M18: {=IF(L18="X",(_xlfn.XLOOKUP($B18,Tabla1[SERVICIO],Tabla1[VALOR])*1),IF(L18>=1,_xlfn.XLOOKUP($B18,Tabla1[SERVICIO],Tabla1[VALOR]*L18),0))} -> 0 | O18: {=IF(N18="X",(_xlfn.XLOOKUP($B18,Tabla1[SERVICIO],Tabla1[VALOR])*1),IF(N18>=1,_xlfn.XLOOKUP($B18,Tabla1[SERVICIO],Tabla1[VALOR]*N18),0))} -> 0 | Q18: {=IF(P18="X",(_xlfn.XLOOKUP($B18,Tabla1[SERVICIO],Tabla1[VALOR])*1),IF(P18>=1,_xlfn.XLOOKUP($B18,Tabla1[SERVICIO],Tabla1[VALOR]*P18),0))} -> 0 | S18: {=IF(R18="X",(_xlfn.XLOOKUP($B18,Tabla1[SERVICIO],Tabla1[VALOR])*1),IF(R18>=1,_xlfn.XLOOKUP($B18,Tabla1[SERVICIO],Tabla1[VALOR]*R18),0))} -> 0 | U18: {=IF(T18="X",(_xlfn.XLOOKUP($B18,Tabla1[SERVICIO],Tabla1[VALOR])*1),IF(T18>=1,_xlfn.XLOOKUP($B18,Tabla1[SERVICIO],Tabla1[VALOR]*T18),0))} -> 0 | W18: {=IF(V18="X",(_xlfn.XLOOKUP($B18,Tabla1[SERVICIO],Tabla1[VALOR])*1),IF(V18>=1,_xlfn.XLOOKUP($B18,Tabla1[SERVICIO],Tabla1[VALOR]*V18),0))} -> 0 | Y18: {=IF(X18="X",(_xlfn.XLOOKUP($B18,Tabla1[SERVICIO],Tabla1[VALOR])*1),IF(X18>=1,_xlfn.XLOOKUP($B18,Tabla1[SERVICIO],Tabla1[VALOR]*X18),0))} -> 0 | AA18: {=IF(Z18="X",(_xlfn.XLOOKUP($B18,Tabla1[SERVICIO],Tabla1[VALOR])*1),IF(Z18>=1,_xlfn.XLOOKUP($B18,Tabla1[SERVICIO],Tabla1[VALOR]*Z18),0))} -> 0 | AB18: =+E18+G18+I18+K18+M18+O18+Q18+S18+U18+W18+Y18+AA18 -> 65169.207 | AC18: =+Tabla428[[#This Row],[MES 1]]+Tabla428[[#This Row],[MES 2]]+Tabla428[[#This Row],[MES 3]]+Tabla428[[#This Row],[MES 4]]+Tabla428[[#This Row],[MES 5]]+Tabla428[[#This Row],[MES 6]]+Tabla428[[#This Row],[MES 7]]+Tabla428[[#This Row],[MES 8]]+Tabla428[[#This Row],[MES 9]]+Tabla428[[#This Row],[MES 10]]+Tabla428[[#This Row],[MES 11]]+Tabla428[[#This Row],[MES 12]] -> 1 | AD18: PROBABILISTICO | AE18: 0.020885547 | AF18: =+Tabla428[[#This Row],[TOTAL]]*AE18 -> 1361.0946 | AG18: ASMA | AH18: 12
A19: CPI_26 | B19: CAPACIDAD DE DIFUSION / PROGRAMAS | C19: =_xlfn.XLOOKUP(Tabla428[[#This Row],[Servicios del Programa:]],Tabla151[CODIGO],Tabla151[VALOR]) -> Diagnosticos | D19: 1 | E19: {=IF(D19="X",(_xlfn.XLOOKUP($B19,Tabla1[SERVICIO],Tabla1[VALOR])*1),IF(D19>=1,_xlfn.XLOOKUP($B19,Tabla1[SERVICIO],Tabla1[VALOR]*D19),0))} -> 68748.387 | G19: {=IF(F19="X",(_xlfn.XLOOKUP($B19,Tabla1[SERVICIO],Tabla1[VALOR])*1),IF(F19>=1,_xlfn.XLOOKUP($B19,Tabla1[SERVICIO],Tabla1[VALOR]*F19),0))} -> 0 | I19: {=IF(H19="X",(_xlfn.XLOOKUP($B19,Tabla1[SERVICIO],Tabla1[VALOR])*1),IF(H19>=1,_xlfn.XLOOKUP($B19,Tabla1[SERVICIO],Tabla1[VALOR]*H19),0))} -> 0 | K19: {=IF(J19="X",(_xlfn.XLOOKUP($B19,Tabla1[SERVICIO],Tabla1[VALOR])*1),IF(J19>=1,_xlfn.XLOOKUP($B19,Tabla1[SERVICIO],Tabla1[VALOR]*J19),0))} -> 0 | M19: {=IF(L19="X",(_xlfn.XLOOKUP($B19,Tabla1[SERVICIO],Tabla1[VALOR])*1),IF(L19>=1,_xlfn.XLOOKUP($B19,Tabla1[SERVICIO],Tabla1[VALOR]*L19),0))} -> 0 | O19: {=IF(N19="X",(_xlfn.XLOOKUP($B19,Tabla1[SERVICIO],Tabla1[VALOR])*1),IF(N19>=1,_xlfn.XLOOKUP($B19,Tabla1[SERVICIO],Tabla1[VALOR]*N19),0))} -> 0 | Q19: {=IF(P19="X",(_xlfn.XLOOKUP($B19,Tabla1[SERVICIO],Tabla1[VALOR])*1),IF(P19>=1,_xlfn.XLOOKUP($B19,Tabla1[SERVICIO],Tabla1[VALOR]*P19),0))} -> 0 | S19: {=IF(R19="X",(_xlfn.XLOOKUP($B19,Tabla1[SERVICIO],Tabla1[VALOR])*1),IF(R19>=1,_xlfn.XLOOKUP($B19,Tabla1[SERVICIO],Tabla1[VALOR]*R19),0))} -> 0 | U19: {=IF(T19="X",(_xlfn.XLOOKUP($B19,Tabla1[SERVICIO],Tabla1[VALOR])*1),IF(T19>=1,_xlfn.XLOOKUP($B19,Tabla1[SERVICIO],Tabla1[VALOR]*T19),0))} -> 0 | W19: {=IF(V19="X",(_xlfn.XLOOKUP($B19,Tabla1[SERVICIO],Tabla1[VALOR])*1),IF(V19>=1,_xlfn.XLOOKUP($B19,Tabla1[SERVICIO],Tabla1[VALOR]*V19),0))} -> 0 | Y19: {=IF(X19="X",(_xlfn.XLOOKUP($B19,Tabla1[SERVICIO],Tabla1[VALOR])*1),IF(X19>=1,_xlfn.XLOOKUP($B19,Tabla1[SERVICIO],Tabla1[VALOR]*X19),0))} -> 0 | AA19: {=IF(Z19="X",(_xlfn.XLOOKUP($B19,Tabla1[SERVICIO],Tabla1[VALOR])*1),IF(Z19>=1,_xlfn.XLOOKUP($B19,Tabla1[SERVICIO],Tabla1[VALOR]*Z19),0))} -> 0 | AB19: =+E19+G19+I19+K19+M19+O19+Q19+S19+U19+W19+Y19+AA19 -> 68748.387 | AC19: =+Tabla428[[#This Row],[MES 1]]+Tabla428[[#This Row],[MES 2]]+Tabla428[[#This Row],[MES 3]]+Tabla428[[#This Row],[MES 4]]+Tabla428[[#This Row],[MES 5]]+Tabla428[[#This Row],[MES 6]]+Tabla428[[#This Row],[MES 7]]+Tabla428[[#This Row],[MES 8]]+Tabla428[[#This Row],[MES 9]]+Tabla428[[#This Row],[MES 10]]+Tabla428[[#This Row],[MES 11]]+Tabla428[[#This Row],[MES 12]] -> 1 | AD19: PROBABILISTICO | AE19: 0.015037594 | AF19: =+Tabla428[[#This Row],[TOTAL]]*AE19 -> 1033.8103 | AG19: ASMA | AH19: 12
A20: CPI_18 | B20: CONSULTA CONTROL ALERGOLOGIA / PROGRAMAS (Segun indicacion medica) | C20: =_xlfn.XLOOKUP(Tabla428[[#This Row],[Servicios del Programa:]],Tabla151[CODIGO],Tabla151[VALOR]) -> Consultas | D20: 1 | E20: {=IF(D20="X",(_xlfn.XLOOKUP($B20,Tabla1[SERVICIO],Tabla1[VALOR])*1),IF(D20>=1,_xlfn.XLOOKUP($B20,Tabla1[SERVICIO],Tabla1[VALOR]*D20),0))} -> 85060.599 | G20: {=IF(F20="X",(_xlfn.XLOOKUP($B20,Tabla1[SERVICIO],Tabla1[VALOR])*1),IF(F20>=1,_xlfn.XLOOKUP($B20,Tabla1[SERVICIO],Tabla1[VALOR]*F20),0))} -> 0 | I20: {=IF(H20="X",(_xlfn.XLOOKUP($B20,Tabla1[SERVICIO],Tabla1[VALOR])*1),IF(H20>=1,_xlfn.XLOOKUP($B20,Tabla1[SERVICIO],Tabla1[VALOR]*H20),0))} -> 0 | K20: {=IF(J20="X",(_xlfn.XLOOKUP($B20,Tabla1[SERVICIO],Tabla1[VALOR])*1),IF(J20>=1,_xlfn.XLOOKUP($B20,Tabla1[SERVICIO],Tabla1[VALOR]*J20),0))} -> 0 | M20: {=IF(L20="X",(_xlfn.XLOOKUP($B20,Tabla1[SERVICIO],Tabla1[VALOR])*1),IF(L20>=1,_xlfn.XLOOKUP($B20,Tabla1[SERVICIO],Tabla1[VALOR]*L20),0))} -> 0 | O20: {=IF(N20="X",(_xlfn.XLOOKUP($B20,Tabla1[SERVICIO],Tabla1[VALOR])*1),IF(N20>=1,_xlfn.XLOOKUP($B20,Tabla1[SERVICIO],Tabla1[VALOR]*N20),0))} -> 0 | Q20: {=IF(P20="X",(_xlfn.XLOOKUP($B20,Tabla1[SERVICIO],Tabla1[VALOR])*1),IF(P20>=1,_xlfn.XLOOKUP($B20,Tabla1[SERVICIO],Tabla1[VALOR]*P20),0))} -> 0 | S20: {=IF(R20="X",(_xlfn.XLOOKUP($B20,Tabla1[SERVICIO],Tabla1[VALOR])*1),IF(R20>=1,_xlfn.XLOOKUP($B20,Tabla1[SERVICIO],Tabla1[VALOR]*R20),0))} -> 0 | U20: {=IF(T20="X",(_xlfn.XLOOKUP($B20,Tabla1[SERVICIO],Tabla1[VALOR])*1),IF(T20>=1,_xlfn.XLOOKUP($B20,Tabla1[SERVICIO],Tabla1[VALOR]*T20),0))} -> 0 | W20: {=IF(V20="X",(_xlfn.XLOOKUP($B20,Tabla1[SERVICIO],Tabla1[VALOR])*1),IF(V20>=1,_xlfn.XLOOKUP($B20,Tabla1[SERVICIO],Tabla1[VALOR]*V20),0))} -> 0 | Y20: {=IF(X20="X",(_xlfn.XLOOKUP($B20,Tabla1[SERVICIO],Tabla1[VALOR])*1),IF(X20>=1,_xlfn.XLOOKUP($B20,Tabla1[SERVICIO],Tabla1[VALOR]*X20),0))} -> 0 | AA20: {=IF(Z20="X",(_xlfn.XLOOKUP($B20,Tabla1[SERVICIO],Tabla1[VALOR])*1),IF(Z20>=1,_xlfn.XLOOKUP($B20,Tabla1[SERVICIO],Tabla1[VALOR]*Z20),0))} -> 0 | AB20: =+E20+G20+I20+K20+M20+O20+Q20+S20+U20+W20+Y20+AA20 -> 85060.599 | AC20: =+Tabla428[[#This Row],[MES 1]]+Tabla428[[#This Row],[MES 2]]+Tabla428[[#This Row],[MES 3]]+Tabla428[[#This Row],[MES 4]]+Tabla428[[#This Row],[MES 5]]+Tabla428[[#This Row],[MES 6]]+Tabla428[[#This Row],[MES 7]]+Tabla428[[#This Row],[MES 8]]+Tabla428[[#This Row],[MES 9]]+Tabla428[[#This Row],[MES 10]]+Tabla428[[#This Row],[MES 11]]+Tabla428[[#This Row],[MES 12]] -> 1 | AD20: PROBABILISTICO | AE20: 0.29741019 | AF20: =+Tabla428[[#This Row],[TOTAL]]*AE20 -> 25297.889 | AG20: ASMA | AH20: 12
A21: CPI_20 | B21: Prick Test / PROGRAMAS | C21: =_xlfn.XLOOKUP(Tabla428[[#This Row],[Servicios del Programa:]],Tabla151[CODIGO],Tabla151[VALOR]) -> Diagnosticos | D21: 1 | E21: {=IF(D21="X",(_xlfn.XLOOKUP($B21,Tabla1[SERVICIO],Tabla1[VALOR])*1),IF(D21>=1,_xlfn.XLOOKUP($B21,Tabla1[SERVICIO],Tabla1[VALOR]*D21),0))} -> 76461.627 | G21: {=IF(F21="X",(_xlfn.XLOOKUP($B21,Tabla1[SERVICIO],Tabla1[VALOR])*1),IF(F21>=1,_xlfn.XLOOKUP($B21,Tabla1[SERVICIO],Tabla1[VALOR]*F21),0))} -> 0 | I21: {=IF(H21="X",(_xlfn.XLOOKUP($B21,Tabla1[SERVICIO],Tabla1[VALOR])*1),IF(H21>=1,_xlfn.XLOOKUP($B21,Tabla1[SERVICIO],Tabla1[VALOR]*H21),0))} -> 0 | K21: {=IF(J21="X",(_xlfn.XLOOKUP($B21,Tabla1[SERVICIO],Tabla1[VALOR])*1),IF(J21>=1,_xlfn.XLOOKUP($B21,Tabla1[SERVICIO],Tabla1[VALOR]*J21),0))} -> 0 | M21: {=IF(L21="X",(_xlfn.XLOOKUP($B21,Tabla1[SERVICIO],Tabla1[VALOR])*1),IF(L21>=1,_xlfn.XLOOKUP($B21,Tabla1[SERVICIO],Tabla1[VALOR]*L21),0))} -> 0 | O21: {=IF(N21="X",(_xlfn.XLOOKUP($B21,Tabla1[SERVICIO],Tabla1[VALOR])*1),IF(N21>=1,_xlfn.XLOOKUP($B21,Tabla1[SERVICIO],Tabla1[VALOR]*N21),0))} -> 0 | Q21: {=IF(P21="X",(_xlfn.XLOOKUP($B21,Tabla1[SERVICIO],Tabla1[VALOR])*1),IF(P21>=1,_xlfn.XLOOKUP($B21,Tabla1[SERVICIO],Tabla1[VALOR]*P21),0))} -> 0 | S21: {=IF(R21="X",(_xlfn.XLOOKUP($B21,Tabla1[SERVICIO],Tabla1[VALOR])*1),IF(R21>=1,_xlfn.XLOOKUP($B21,Tabla1[SERVICIO],Tabla1[VALOR]*R21),0))} -> 0 | U21: {=IF(T21="X",(_xlfn.XLOOKUP($B21,Tabla1[SERVICIO],Tabla1[VALOR])*1),IF(T21>=1,_xlfn.XLOOKUP($B21,Tabla1[SERVICIO],Tabla1[VALOR]*T21),0))} -> 0 | W21: {=IF(V21="X",(_xlfn.XLOOKUP($B21,Tabla1[SERVICIO],Tabla1[VALOR])*1),IF(V21>=1,_xlfn.XLOOKUP($B21,Tabla1[SERVICIO],Tabla1[VALOR]*V21),0))} -> 0 | Y21: {=IF(X21="X",(_xlfn.XLOOKUP($B21,Tabla1[SERVICIO],Tabla1[VALOR])*1),IF(X21>=1,_xlfn.XLOOKUP($B21,Tabla1[SERVICIO],Tabla1[VALOR]*X21),0))} -> 0 | AA21: {=IF(Z21="X",(_xlfn.XLOOKUP($B21,Tabla1[SERVICIO],Tabla1[VALOR])*1),IF(Z21>=1,_xlfn.XLOOKUP($B21,Tabla1[SERVICIO],Tabla1[VALOR]*Z21),0))} -> 0 | AB21: =+E21+G21+I21+K21+M21+O21+Q21+S21+U21+W21+Y21+AA21 -> 76461.627 | AC21: =+Tabla428[[#This Row],[MES 1]]+Tabla428[[#This Row],[MES 2]]+Tabla428[[#This Row],[MES 3]]+Tabla428[[#This Row],[MES 4]]+Tabla428[[#This Row],[MES 5]]+Tabla428[[#This Row],[MES 6]]+Tabla428[[#This Row],[MES 7]]+Tabla428[[#This Row],[MES 8]]+Tabla428[[#This Row],[MES 9]]+Tabla428[[#This Row],[MES 10]]+Tabla428[[#This Row],[MES 11]]+Tabla428[[#This Row],[MES 12]] -> 1 | AD21: FIJO | AE21: 1 | AF21: =+Tabla428[[#This Row],[TOTAL]]*AE21 -> 76461.627 | AG21: ASMA | AH21: 12
A22: CPI_13 | B22: CONSULTA PRIMERA VEZ NEUMOLOGIA PEDIATRICA / PROGRAMAS | C22: =_xlfn.XLOOKUP(Tabla428[[#This Row],[Servicios del Programa:]],Tabla151[CODIGO],Tabla151[VALOR]) -> Consultas | D22: 1 | E22: {=IF(D22="X",(_xlfn.XLOOKUP($B22,Tabla1[SERVICIO],Tabla1[VALOR])*1),IF(D22>=1,_xlfn.XLOOKUP($B22,Tabla1[SERVICIO],Tabla1[VALOR]*D22),0))} -> 83398.099 | G22: {=IF(F22="X",(_xlfn.XLOOKUP($B22,Tabla1[SERVICIO],Tabla1[VALOR])*1),IF(F22>=1,_xlfn.XLOOKUP($B22,Tabla1[SERVICIO],Tabla1[VALOR]*F22),0))} -> 0 | I22: {=IF(H22="X",(_xlfn.XLOOKUP($B22,Tabla1[SERVICIO],Tabla1[VALOR])*1),IF(H22>=1,_xlfn.XLOOKUP($B22,Tabla1[SERVICIO],Tabla1[VALOR]*H22),0))} -> 0 | K22: {=IF(J22="X",(_xlfn.XLOOKUP($B22,Tabla1[SERVICIO],Tabla1[VALOR])*1),IF(J22>=1,_xlfn.XLOOKUP($B22,Tabla1[SERVICIO],Tabla1[VALOR]*J22),0))} -> 0 | M22: {=IF(L22="X",(_xlfn.XLOOKUP($B22,Tabla1[SERVICIO],Tabla1[VALOR])*1),IF(L22>=1,_xlfn.XLOOKUP($B22,Tabla1[SERVICIO],Tabla1[VALOR]*L22),0))} -> 0 | O22: {=IF(N22="X",(_xlfn.XLOOKUP($B22,Tabla1[SERVICIO],Tabla1[VALOR])*1),IF(N22>=1,_xlfn.XLOOKUP($B22,Tabla1[SERVICIO],Tabla1[VALOR]*N22),0))} -> 0 | Q22: {=IF(P22="X",(_xlfn.XLOOKUP($B22,Tabla1[SERVICIO],Tabla1[VALOR])*1),IF(P22>=1,_xlfn.XLOOKUP($B22,Tabla1[SERVICIO],Tabla1[VALOR]*P22),0))} -> 0 | S22: {=IF(R22="X",(_xlfn.XLOOKUP($B22,Tabla1[SERVICIO],Tabla1[VALOR])*1),IF(R22>=1,_xlfn.XLOOKUP($B22,Tabla1[SERVICIO],Tabla1[VALOR]*R22),0))} -> 0 | U22: {=IF(T22="X",(_xlfn.XLOOKUP($B22,Tabla1[SERVICIO],Tabla1[VALOR])*1),IF(T22>=1,_xlfn.XLOOKUP($B22,Tabla1[SERVICIO],Tabla1[VALOR]*T22),0))} -> 0 | W22: {=IF(V22="X",(_xlfn.XLOOKUP($B22,Tabla1[SERVICIO],Tabla1[VALOR])*1),IF(V22>=1,_xlfn.XLOOKUP($B22,Tabla1[SERVICIO],Tabla1[VALOR]*V22),0))} -> 0 | Y22: {=IF(X22="X",(_xlfn.XLOOKUP($B22,Tabla1[SERVICIO],Tabla1[VALOR])*1),IF(X22>=1,_xlfn.XLOOKUP($B22,Tabla1[SERVICIO],Tabla1[VALOR]*X22),0))} -> 0 | AA22: {=IF(Z22="X",(_xlfn.XLOOKUP($B22,Tabla1[SERVICIO],Tabla1[VALOR])*1),IF(Z22>=1,_xlfn.XLOOKUP($B22,Tabla1[SERVICIO],Tabla1[VALOR]*Z22),0))} -> 0 | AB22: =+E22+G22+I22+K22+M22+O22+Q22+S22+U22+W22+Y22+AA22 -> 83398.099 | AC22: =+Tabla428[[#This Row],[MES 1]]+Tabla428[[#This Row],[MES 2]]+Tabla428[[#This Row],[MES 3]]+Tabla428[[#This Row],[MES 4]]+Tabla428[[#This Row],[MES 5]]+Tabla428[[#This Row],[MES 6]]+Tabla428[[#This Row],[MES 7]]+Tabla428[[#This Row],[MES 8]]+Tabla428[[#This Row],[MES 9]]+Tabla428[[#This Row],[MES 10]]+Tabla428[[#This Row],[MES 11]]+Tabla428[[#This Row],[MES 12]] -> 1 | AD22: PROBABILISTICO | AE22: 0.021720969 | AF22: =+Tabla428[[#This Row],[TOTAL]]*AE22 -> 1811.4875 | AG22: ASMA | AH22: 12
A23: CPI_14 | B23: CONSULTA CONTROL NEUMOLOGIA PEDIATRICA / PROGRAMAS (Segun indicacion medica) | C23: =_xlfn.XLOOKUP(Tabla428[[#This Row],[Servicios del Programa:]],Tabla151[CODIGO],Tabla151[VALOR]) -> Consultas | E23: {=IF(D23="X",(_xlfn.XLOOKUP($B23,Tabla1[SERVICIO],Tabla1[VALOR])*1),IF(D23>=1,_xlfn.XLOOKUP($B23,Tabla1[SERVICIO],Tabla1[VALOR]*D23),0))} -> 0 | G23: {=IF(F23="X",(_xlfn.XLOOKUP($B23,Tabla1[SERVICIO],Tabla1[VALOR])*1),IF(F23>=1,_xlfn.XLOOKUP($B23,Tabla1[SERVICIO],Tabla1[VALOR]*F23),0))} -> 0 | I23: {=IF(H23="X",(_xlfn.XLOOKUP($B23,Tabla1[SERVICIO],Tabla1[VALOR])*1),IF(H23>=1,_xlfn.XLOOKUP($B23,Tabla1[SERVICIO],Tabla1[VALOR]*H23),0))} -> 0 | K23: {=IF(J23="X",(_xlfn.XLOOKUP($B23,Tabla1[SERVICIO],Tabla1[VALOR])*1),IF(J23>=1,_xlfn.XLOOKUP($B23,Tabla1[SERVICIO],Tabla1[VALOR]*J23),0))} -> 0 | M23: {=IF(L23="X",(_xlfn.XLOOKUP($B23,Tabla1[SERVICIO],Tabla1[VALOR])*1),IF(L23>=1,_xlfn.XLOOKUP($B23,Tabla1[SERVICIO],Tabla1[VALOR]*L23),0))} -> 0 | O23: {=IF(N23="X",(_xlfn.XLOOKUP($B23,Tabla1[SERVICIO],Tabla1[VALOR])*1),IF(N23>=1,_xlfn.XLOOKUP($B23,Tabla1[SERVICIO],Tabla1[VALOR]*N23),0))} -> 0 | Q23: {=IF(P23="X",(_xlfn.XLOOKUP($B23,Tabla1[SERVICIO],Tabla1[VALOR])*1),IF(P23>=1,_xlfn.XLOOKUP($B23,Tabla1[SERVICIO],Tabla1[VALOR]*P23),0))} -> 0 | S23: {=IF(R23="X",(_xlfn.XLOOKUP($B23,Tabla1[SERVICIO],Tabla1[VALOR])*1),IF(R23>=1,_xlfn.XLOOKUP($B23,Tabla1[SERVICIO],Tabla1[VALOR]*R23),0))} -> 0 | U23: {=IF(T23="X",(_xlfn.XLOOKUP($B23,Tabla1[SERVICIO],Tabla1[VALOR])*1),IF(T23>=1,_xlfn.XLOOKUP($B23,Tabla1[SERVICIO],Tabla1[VALOR]*T23),0))} -> 0 | W23: {=IF(V23="X",(_xlfn.XLOOKUP($B23,Tabla1[SERVICIO],Tabla1[VALOR])*1),IF(V23>=1,_xlfn.XLOOKUP($B23,Tabla1[SERVICIO],Tabla1[VALOR]*V23),0))} -> 0 | Y23: {=IF(X23="X",(_xlfn.XLOOKUP($B23,Tabla1[SERVICIO],Tabla1[VALOR])*1),IF(X23>=1,_xlfn.XLOOKUP($B23,Tabla1[SERVICIO],Tabla1[VALOR]*X23),0))} -> 0 | Z23: 1 | AA23: {=IF(Z23="X",(_xlfn.XLOOKUP($B23,Tabla1[SERVICIO],Tabla1[VALOR])*1),IF(Z23>=1,_xlfn.XLOOKUP($B23,Tabla1[SERVICIO],Tabla1[VALOR]*Z23),0))} -> 77398.099 | AB23: =+E23+G23+I23+K23+M23+O23+Q23+S23+U23+W23+Y23+AA23 -> 77398.099 | AC23: =+Tabla428[[#This Row],[MES 1]]+Tabla428[[#This Row],[MES 2]]+Tabla428[[#This Row],[MES 3]]+Tabla428[[#This Row],[MES 4]]+Tabla428[[#This Row],[MES 5]]+Tabla428[[#This Row],[MES 6]]+Tabla428[[#This Row],[MES 7]]+Tabla428[[#This Row],[MES 8]]+Tabla428[[#This Row],[MES 9]]+Tabla428[[#This Row],[MES 10]]+Tabla428[[#This Row],[MES 11]]+Tabla428[[#This Row],[MES 12]] -> 1 | AD23: PROBABILISTICO | AE23: 0.71345029 | AF23: =+Tabla428[[#This Row],[TOTAL]]*AE23 -> 55219.696 | AG23: ASMA | AH23: 12
A24: CPI_12 | B24: CONSULTA CONTROL NEUMOLOGIA ADULTO / PROGRAMAS (Segun indicacion medica) | C24: =_xlfn.XLOOKUP(Tabla428[[#This Row],[Servicios del Programa:]],Tabla151[CODIGO],Tabla151[VALOR]) -> Consultas | E24: {=IF(D24="X",(_xlfn.XLOOKUP($B24,Tabla1[SERVICIO],Tabla1[VALOR])*1),IF(D24>=1,_xlfn.XLOOKUP($B24,Tabla1[SERVICIO],Tabla1[VALOR]*D24),0))} -> 0 | G24: {=IF(F24="X",(_xlfn.XLOOKUP($B24,Tabla1[SERVICIO],Tabla1[VALOR])*1),IF(F24>=1,_xlfn.XLOOKUP($B24,Tabla1[SERVICIO],Tabla1[VALOR]*F24),0))} -> 0 | I24: {=IF(H24="X",(_xlfn.XLOOKUP($B24,Tabla1[SERVICIO],Tabla1[VALOR])*1),IF(H24>=1,_xlfn.XLOOKUP($B24,Tabla1[SERVICIO],Tabla1[VALOR]*H24),0))} -> 0 | K24: {=IF(J24="X",(_xlfn.XLOOKUP($B24,Tabla1[SERVICIO],Tabla1[VALOR])*1),IF(J24>=1,_xlfn.XLOOKUP($B24,Tabla1[SERVICIO],Tabla1[VALOR]*J24),0))} -> 0 | M24: {=IF(L24="X",(_xlfn.XLOOKUP($B24,Tabla1[SERVICIO],Tabla1[VALOR])*1),IF(L24>=1,_xlfn.XLOOKUP($B24,Tabla1[SERVICIO],Tabla1[VALOR]*L24),0))} -> 0 | N24: 1 | O24: {=IF(N24="X",(_xlfn.XLOOKUP($B24,Tabla1[SERVICIO],Tabla1[VALOR])*1),IF(N24>=1,_xlfn.XLOOKUP($B24,Tabla1[SERVICIO],Tabla1[VALOR]*N24),0))} -> 67398.099 | Q24: {=IF(P24="X",(_xlfn.XLOOKUP($B24,Tabla1[SERVICIO],Tabla1[VALOR])*1),IF(P24>=1,_xlfn.XLOOKUP($B24,Tabla1[SERVICIO],Tabla1[VALOR]*P24),0))} -> 0 | S24: {=IF(R24="X",(_xlfn.XLOOKUP($B24,Tabla1[SERVICIO],Tabla1[VALOR])*1),IF(R24>=1,_xlfn.XLOOKUP($B24,Tabla1[SERVICIO],Tabla1[VALOR]*R24),0))} -> 0 | U24: {=IF(T24="X",(_xlfn.XLOOKUP($B24,Tabla1[SERVICIO],Tabla1[VALOR])*1),IF(T24>=1,_xlfn.XLOOKUP($B24,Tabla1[SERVICIO],Tabla1[VALOR]*T24),0))} -> 0 | W24: {=IF(V24="X",(_xlfn.XLOOKUP($B24,Tabla1[SERVICIO],Tabla1[VALOR])*1),IF(V24>=1,_xlfn.XLOOKUP($B24,Tabla1[SERVICIO],Tabla1[VALOR]*V24),0))} -> 0 | Y24: {=IF(X24="X",(_xlfn.XLOOKUP($B24,Tabla1[SERVICIO],Tabla1[VALOR])*1),IF(X24>=1,_xlfn.XLOOKUP($B24,Tabla1[SERVICIO],Tabla1[VALOR]*X24),0))} -> 0 | Z24: 1 | AA24: {=IF(Z24="X",(_xlfn.XLOOKUP($B24,Tabla1[SERVICIO],Tabla1[VALOR])*1),IF(Z24>=1,_xlfn.XLOOKUP($B24,Tabla1[SERVICIO],Tabla1[VALOR]*Z24),0))} -> 67398.099 | AB24: =+E24+G24+I24+K24+M24+O24+Q24+S24+U24+W24+Y24+AA24 -> 134796.2 | AC24: =+Tabla428[[#This Row],[MES 1]]+Tabla428[[#This Row],[MES 2]]+Tabla428[[#This Row],[MES 3]]+Tabla428[[#This Row],[MES 4]]+Tabla428[[#This Row],[MES 5]]+Tabla428[[#This Row],[MES 6]]+Tabla428[[#This Row],[MES 7]]+Tabla428[[#This Row],[MES 8]]+Tabla428[[#This Row],[MES 9]]+Tabla428[[#This Row],[MES 10]]+Tabla428[[#This Row],[MES 11]]+Tabla428[[#This Row],[MES 12]] -> 2 | AD24: FIJO | AE24: 1 | AF24: =+Tabla428[[#This Row],[TOTAL]]*AE24 -> 134796.2 | AG24: ASMA | AH24: 12
A25: CPI_11 | B25: CONSULTA PRIMERA VEZ NEUMOLOGIA ADULTO / PROGRAMAS | C25: =_xlfn.XLOOKUP(Tabla428[[#This Row],[Servicios del Programa:]],Tabla151[CODIGO],Tabla151[VALOR]) -> Consultas | D25: 1 | E25: {=IF(D25="X",(_xlfn.XLOOKUP($B25,Tabla1[SERVICIO],Tabla1[VALOR])*1),IF(D25>=1,_xlfn.XLOOKUP($B25,Tabla1[SERVICIO],Tabla1[VALOR]*D25),0))} -> 67398.099 | G25: {=IF(F25="X",(_xlfn.XLOOKUP($B25,Tabla1[SERVICIO],Tabla1[VALOR])*1),IF(F25>=1,_xlfn.XLOOKUP($B25,Tabla1[SERVICIO],Tabla1[VALOR]*F25),0))} -> 0 | I25: {=IF(H25="X",(_xlfn.XLOOKUP($B25,Tabla1[SERVICIO],Tabla1[VALOR])*1),IF(H25>=1,_xlfn.XLOOKUP($B25,Tabla1[SERVICIO],Tabla1[VALOR]*H25),0))} -> 0 | K25: {=IF(J25="X",(_xlfn.XLOOKUP($B25,Tabla1[SERVICIO],Tabla1[VALOR])*1),IF(J25>=1,_xlfn.XLOOKUP($B25,Tabla1[SERVICIO],Tabla1[VALOR]*J25),0))} -> 0 | M25: {=IF(L25="X",(_xlfn.XLOOKUP($B25,Tabla1[SERVICIO],Tabla1[VALOR])*1),IF(L25>=1,_xlfn.XLOOKUP($B25,Tabla1[SERVICIO],Tabla1[VALOR]*L25),0))} -> 0 | O25: {=IF(N25="X",(_xlfn.XLOOKUP($B25,Tabla1[SERVICIO],Tabla1[VALOR])*1),IF(N25>=1,_xlfn.XLOOKUP($B25,Tabla1[SERVICIO],Tabla1[VALOR]*N25),0))} -> 0 | Q25: {=IF(P25="X",(_xlfn.XLOOKUP($B25,Tabla1[SERVICIO],Tabla1[VALOR])*1),IF(P25>=1,_xlfn.XLOOKUP($B25,Tabla1[SERVICIO],Tabla1[VALOR]*P25),0))} -> 0 | S25: {=IF(R25="X",(_xlfn.XLOOKUP($B25,Tabla1[SERVICIO],Tabla1[VALOR])*1),IF(R25>=1,_xlfn.XLOOKUP($B25,Tabla1[SERVICIO],Tabla1[VALOR]*R25),0))} -> 0 | U25: {=IF(T25="X",(_xlfn.XLOOKUP($B25,Tabla1[SERVICIO],Tabla1[VALOR])*1),IF(T25>=1,_xlfn.XLOOKUP($B25,Tabla1[SERVICIO],Tabla1[VALOR]*T25),0))} -> 0 | W25: {=IF(V25="X",(_xlfn.XLOOKUP($B25,Tabla1[SERVICIO],Tabla1[VALOR])*1),IF(V25>=1,_xlfn.XLOOKUP($B25,Tabla1[SERVICIO],Tabla1[VALOR]*V25),0))} -> 0 | Y25: {=IF(X25="X",(_xlfn.XLOOKUP($B25,Tabla1[SERVICIO],Tabla1[VALOR])*1),IF(X25>=1,_xlfn.XLOOKUP($B25,Tabla1[SERVICIO],Tabla1[VALOR]*X25),0))} -> 0 | AA25: {=IF(Z25="X",(_xlfn.XLOOKUP($B25,Tabla1[SERVICIO],Tabla1[VALOR])*1),IF(Z25>=1,_xlfn.XLOOKUP($B25,Tabla1[SERVICIO],Tabla1[VALOR]*Z25),0))} -> 0 | AB25: =+E25+G25+I25+K25+M25+O25+Q25+S25+U25+W25+Y25+AA25 -> 67398.099 | AC25: =+Tabla428[[#This Row],[MES 1]]+Tabla428[[#This Row],[MES 2]]+Tabla428[[#This Row],[MES 3]]+Tabla428[[#This Row],[MES 4]]+Tabla428[[#This Row],[MES 5]]+Tabla428[[#This Row],[MES 6]]+Tabla428[[#This Row],[MES 7]]+Tabla428[[#This Row],[MES 8]]+Tabla428[[#This Row],[MES 9]]+Tabla428[[#This Row],[MES 10]]+Tabla428[[#This Row],[MES 11]]+Tabla428[[#This Row],[MES 12]] -> 1 | AD25: FIJO | AE25: 1 | AF25: =+Tabla428[[#This Row],[TOTAL]]*AE25 -> 67398.099 | AG25: ASMA | AH25: 12
A26: CPI_80 | B26: ENFERMERIA CONTROL / PROGRAMAS | C26: =_xlfn.XLOOKUP(Tabla428[[#This Row],[Servicios del Programa:]],Tabla151[CODIGO],Tabla151[VALOR]) -> Consultas | E26: {=IF(D26="X",(_xlfn.XLOOKUP($B26,Tabla1[SERVICIO],Tabla1[VALOR])*1),IF(D26>=1,_xlfn.XLOOKUP($B26,Tabla1[SERVICIO],Tabla1[VALOR]*D26),0))} -> 0 | G26: {=IF(F26="X",(_xlfn.XLOOKUP($B26,Tabla1[SERVICIO],Tabla1[VALOR])*1),IF(F26>=1,_xlfn.XLOOKUP($B26,Tabla1[SERVICIO],Tabla1[VALOR]*F26),0))} -> 0 | I26: {=IF(H26="X",(_xlfn.XLOOKUP($B26,Tabla1[SERVICIO],Tabla1[VALOR])*1),IF(H26>=1,_xlfn.XLOOKUP($B26,Tabla1[SERVICIO],Tabla1[VALOR]*H26),0))} -> 0 | K26: {=IF(J26="X",(_xlfn.XLOOKUP($B26,Tabla1[SERVICIO],Tabla1[VALOR])*1),IF(J26>=1,_xlfn.XLOOKUP($B26,Tabla1[SERVICIO],Tabla1[VALOR]*J26),0))} -> 0 | M26: {=IF(L26="X",(_xlfn.XLOOKUP($B26,Tabla1[SERVICIO],Tabla1[VALOR])*1),IF(L26>=1,_xlfn.XLOOKUP($B26,Tabla1[SERVICIO],Tabla1[VALOR]*L26),0))} -> 0 | O26: {=IF(N26="X",(_xlfn.XLOOKUP($B26,Tabla1[SERVICIO],Tabla1[VALOR])*1),IF(N26>=1,_xlfn.XLOOKUP($B26,Tabla1[SERVICIO],Tabla1[VALOR]*N26),0))} -> 0 | Q26: {=IF(P26="X",(_xlfn.XLOOKUP($B26,Tabla1[SERVICIO],Tabla1[VALOR])*1),IF(P26>=1,_xlfn.XLOOKUP($B26,Tabla1[SERVICIO],Tabla1[VALOR]*P26),0))} -> 0 | S26: {=IF(R26="X",(_xlfn.XLOOKUP($B26,Tabla1[SERVICIO],Tabla1[VALOR])*1),IF(R26>=1,_xlfn.XLOOKUP($B26,Tabla1[SERVICIO],Tabla1[VALOR]*R26),0))} -> 0 | U26: {=IF(T26="X",(_xlfn.XLOOKUP($B26,Tabla1[SERVICIO],Tabla1[VALOR])*1),IF(T26>=1,_xlfn.XLOOKUP($B26,Tabla1[SERVICIO],Tabla1[VALOR]*T26),0))} -> 0 | W26: {=IF(V26="X",(_xlfn.XLOOKUP($B26,Tabla1[SERVICIO],Tabla1[VALOR])*1),IF(V26>=1,_xlfn.XLOOKUP($B26,Tabla1[SERVICIO],Tabla1[VALOR]*V26),0))} -> 0 | Y26: {=IF(X26="X",(_xlfn.XLOOKUP($B26,Tabla1[SERVICIO],Tabla1[VALOR])*1),IF(X26>=1,_xlfn.XLOOKUP($B26,Tabla1[SERVICIO],Tabla1[VALOR]*X26),0))} -> 0 | Z26: 1 | AA26: {=IF(Z26="X",(_xlfn.XLOOKUP($B26,Tabla1[SERVICIO],Tabla1[VALOR])*1),IF(Z26>=1,_xlfn.XLOOKUP($B26,Tabla1[SERVICIO],Tabla1[VALOR]*Z26),0))} -> 21014.397 | AB26: =+E26+G26+I26+K26+M26+O26+Q26+S26+U26+W26+Y26+AA26 -> 21014.397 | AC26: =+Tabla428[[#This Row],[MES 1]]+Tabla428[[#This Row],[MES 2]]+Tabla428[[#This Row],[MES 3]]+Tabla428[[#This Row],[MES 4]]+Tabla428[[#This Row],[MES 5]]+Tabla428[[#This Row],[MES 6]]+Tabla428[[#This Row],[MES 7]]+Tabla428[[#This Row],[MES 8]]+Tabla428[[#This Row],[MES 9]]+Tabla428[[#This Row],[MES 10]]+Tabla428[[#This Row],[MES 11]]+Tabla428[[#This Row],[MES 12]] -> 1 | AD26: FIJO | AE26: 0.72598162 | AF26: =+Tabla428[[#This Row],[TOTAL]]*AE26 -> 15256.066 | AG26: ASMA | AH26: 12
A27: CPI_33 | B27: CONTROL TERAPIA RESPIRATORIA/ PROGRAMAS (Segun indicacion medica) | C27: =_xlfn.XLOOKUP(Tabla428[[#This Row],[Servicios del Programa:]],Tabla151[CODIGO],Tabla151[VALOR]) -> Terapias | D27: 1 | E27: {=IF(D27="X",(_xlfn.XLOOKUP($B27,Tabla1[SERVICIO],Tabla1[VALOR])*1),IF(D27>=1,_xlfn.XLOOKUP($B27,Tabla1[SERVICIO],Tabla1[VALOR]*D27),0))} -> 31714.221 | G27: {=IF(F27="X",(_xlfn.XLOOKUP($B27,Tabla1[SERVICIO],Tabla1[VALOR])*1),IF(F27>=1,_xlfn.XLOOKUP($B27,Tabla1[SERVICIO],Tabla1[VALOR]*F27),0))} -> 0 | I27: {=IF(H27="X",(_xlfn.XLOOKUP($B27,Tabla1[SERVICIO],Tabla1[VALOR])*1),IF(H27>=1,_xlfn.XLOOKUP($B27,Tabla1[SERVICIO],Tabla1[VALOR]*H27),0))} -> 0 | K27: {=IF(J27="X",(_xlfn.XLOOKUP($B27,Tabla1[SERVICIO],Tabla1[VALOR])*1),IF(J27>=1,_xlfn.XLOOKUP($B27,Tabla1[SERVICIO],Tabla1[VALOR]*J27),0))} -> 0 | M27: {=IF(L27="X",(_xlfn.XLOOKUP($B27,Tabla1[SERVICIO],Tabla1[VALOR])*1),IF(L27>=1,_xlfn.XLOOKUP($B27,Tabla1[SERVICIO],Tabla1[VALOR]*L27),0))} -> 0 | O27: {=IF(N27="X",(_xlfn.XLOOKUP($B27,Tabla1[SERVICIO],Tabla1[VALOR])*1),IF(N27>=1,_xlfn.XLOOKUP($B27,Tabla1[SERVICIO],Tabla1[VALOR]*N27),0))} -> 0 | Q27: {=IF(P27="X",(_xlfn.XLOOKUP($B27,Tabla1[SERVICIO],Tabla1[VALOR])*1),IF(P27>=1,_xlfn.XLOOKUP($B27,Tabla1[SERVICIO],Tabla1[VALOR]*P27),0))} -> 0 | S27: {=IF(R27="X",(_xlfn.XLOOKUP($B27,Tabla1[SERVICIO],Tabla1[VALOR])*1),IF(R27>=1,_xlfn.XLOOKUP($B27,Tabla1[SERVICIO],Tabla1[VALOR]*R27),0))} -> 0 | U27: {=IF(T27="X",(_xlfn.XLOOKUP($B27,Tabla1[SERVICIO],Tabla1[VALOR])*1),IF(T27>=1,_xlfn.XLOOKUP($B27,Tabla1[SERVICIO],Tabla1[VALOR]*T27),0))} -> 0 | W27: {=IF(V27="X",(_xlfn.XLOOKUP($B27,Tabla1[SERVICIO],Tabla1[VALOR])*1),IF(V27>=1,_xlfn.XLOOKUP($B27,Tabla1[SERVICIO],Tabla1[VALOR]*V27),0))} -> 0 | Y27: {=IF(X27="X",(_xlfn.XLOOKUP($B27,Tabla1[SERVICIO],Tabla1[VALOR])*1),IF(X27>=1,_xlfn.XLOOKUP($B27,Tabla1[SERVICIO],Tabla1[VALOR]*X27),0))} -> 0 | AA27: {=IF(Z27="X",(_xlfn.XLOOKUP($B27,Tabla1[SERVICIO],Tabla1[VALOR])*1),IF(Z27>=1,_xlfn.XLOOKUP($B27,Tabla1[SERVICIO],Tabla1[VALOR]*Z27),0))} -> 0 | AB27: =+E27+G27+I27+K27+M27+O27+Q27+S27+U27+W27+Y27+AA27 -> 31714.221 | AC27: =+Tabla428[[#This Row],[MES 1]]+Tabla428[[#This Row],[MES 2]]+Tabla428[[#This Row],[MES 3]]+Tabla428[[#This Row],[MES 4]]+Tabla428[[#This Row],[MES 5]]+Tabla428[[#This Row],[MES 6]]+Tabla428[[#This Row],[MES 7]]+Tabla428[[#This Row],[MES 8]]+Tabla428[[#This Row],[MES 9]]+Tabla428[[#This Row],[MES 10]]+Tabla428[[#This Row],[MES 11]]+Tabla428[[#This Row],[MES 12]] -> 1 | AD27: PROBABILISTICO | AE27: 0.1144528 | AF27: =+Tabla428[[#This Row],[TOTAL]]*AE27 -> 3629.7813 | AG27: ASMA | AH27: 12
A28: CPI_32 | B28: PRIMERA VEZ TERAPIA RESPIRATORIA/ PROGRAMAS (Segun indicacion medica) | C28: =_xlfn.XLOOKUP(Tabla428[[#This Row],[Servicios del Programa:]],Tabla151[CODIGO],Tabla151[VALOR]) -> Terapias | D28: 1 | E28: {=IF(D28="X",(_xlfn.XLOOKUP($B28,Tabla1[SERVICIO],Tabla1[VALOR])*1),IF(D28>=1,_xlfn.XLOOKUP($B28,Tabla1[SERVICIO],Tabla1[VALOR]*D28),0))} -> 31714.221 | G28: {=IF(F28="X",(_xlfn.XLOOKUP($B28,Tabla1[SERVICIO],Tabla1[VALOR])*1),IF(F28>=1,_xlfn.XLOOKUP($B28,Tabla1[SERVICIO],Tabla1[VALOR]*F28),0))} -> 0 | I28: {=IF(H28="X",(_xlfn.XLOOKUP($B28,Tabla1[SERVICIO],Tabla1[VALOR])*1),IF(H28>=1,_xlfn.XLOOKUP($B28,Tabla1[SERVICIO],Tabla1[VALOR]*H28),0))} -> 0 | K28: {=IF(J28="X",(_xlfn.XLOOKUP($B28,Tabla1[SERVICIO],Tabla1[VALOR])*1),IF(J28>=1,_xlfn.XLOOKUP($B28,Tabla1[SERVICIO],Tabla1[VALOR]*J28),0))} -> 0 | M28: {=IF(L28="X",(_xlfn.XLOOKUP($B28,Tabla1[SERVICIO],Tabla1[VALOR])*1),IF(L28>=1,_xlfn.XLOOKUP($B28,Tabla1[SERVICIO],Tabla1[VALOR]*L28),0))} -> 0 | O28: {=IF(N28="X",(_xlfn.XLOOKUP($B28,Tabla1[SERVICIO],Tabla1[VALOR])*1),IF(N28>=1,_xlfn.XLOOKUP($B28,Tabla1[SERVICIO],Tabla1[VALOR]*N28),0))} -> 0 | Q28: {=IF(P28="X",(_xlfn.XLOOKUP($B28,Tabla1[SERVICIO],Tabla1[VALOR])*1),IF(P28>=1,_xlfn.XLOOKUP($B28,Tabla1[SERVICIO],Tabla1[VALOR]*P28),0))} -> 0 | S28: {=IF(R28="X",(_xlfn.XLOOKUP($B28,Tabla1[SERVICIO],Tabla1[VALOR])*1),IF(R28>=1,_xlfn.XLOOKUP($B28,Tabla1[SERVICIO],Tabla1[VALOR]*R28),0))} -> 0 | U28: {=IF(T28="X",(_xlfn.XLOOKUP($B28,Tabla1[SERVICIO],Tabla1[VALOR])*1),IF(T28>=1,_xlfn.XLOOKUP($B28,Tabla1[SERVICIO],Tabla1[VALOR]*T28),0))} -> 0 | W28: {=IF(V28="X",(_xlfn.XLOOKUP($B28,Tabla1[SERVICIO],Tabla1[VALOR])*1),IF(V28>=1,_xlfn.XLOOKUP($B28,Tabla1[SERVICIO],Tabla1[VALOR]*V28),0))} -> 0 | Y28: {=IF(X28="X",(_xlfn.XLOOKUP($B28,Tabla1[SERVICIO],Tabla1[VALOR])*1),IF(X28>=1,_xlfn.XLOOKUP($B28,Tabla1[SERVICIO],Tabla1[VALOR]*X28),0))} -> 0 | AA28: {=IF(Z28="X",(_xlfn.XLOOKUP($B28,Tabla1[SERVICIO],Tabla1[VALOR])*1),IF(Z28>=1,_xlfn.XLOOKUP($B28,Tabla1[SERVICIO],Tabla1[VALOR]*Z28),0))} -> 0 | AB28: =+E28+G28+I28+K28+M28+O28+Q28+S28+U28+W28+Y28+AA28 -> 31714.221 | AC28: =+Tabla428[[#This Row],[MES 1]]+Tabla428[[#This Row],[MES 2]]+Tabla428[[#This Row],[MES 3]]+Tabla428[[#This Row],[MES 4]]+Tabla428[[#This Row],[MES 5]]+Tabla428[[#This Row],[MES 6]]+Tabla428[[#This Row],[MES 7]]+Tabla428[[#This Row],[MES 8]]+Tabla428[[#This Row],[MES 9]]+Tabla428[[#This Row],[MES 10]]+Tabla428[[#This Row],[MES 11]]+Tabla428[[#This Row],[MES 12]] -> 1 | AD28: PROBABILISTICO | AE28: 0.055973266 | AF28: =+Tabla428[[#This Row],[TOTAL]]*AE28 -> 1775.1485 | AG28: ASMA | AH28: 12
A29: CPI_24 | B29: OSCILOMETRIA DE IMPULSO / PROGRAMAS (Pacientes que no logran realizar espirometria) | C29: =_xlfn.XLOOKUP(Tabla428[[#This Row],[Servicios del Programa:]],Tabla151[CODIGO],Tabla151[VALOR]) -> Diagnosticos | D29: 1 | E29: {=IF(D29="X",(_xlfn.XLOOKUP($B29,Tabla1[SERVICIO],Tabla1[VALOR])*1),IF(D29>=1,_xlfn.XLOOKUP($B29,Tabla1[SERVICIO],Tabla1[VALOR]*D29),0))} -> 67391.282 | G29: {=IF(F29="X",(_xlfn.XLOOKUP($B29,Tabla1[SERVICIO],Tabla1[VALOR])*1),IF(F29>=1,_xlfn.XLOOKUP($B29,Tabla1[SERVICIO],Tabla1[VALOR]*F29),0))} -> 0 | I29: {=IF(H29="X",(_xlfn.XLOOKUP($B29,Tabla1[SERVICIO],Tabla1[VALOR])*1),IF(H29>=1,_xlfn.XLOOKUP($B29,Tabla1[SERVICIO],Tabla1[VALOR]*H29),0))} -> 0 | K29: {=IF(J29="X",(_xlfn.XLOOKUP($B29,Tabla1[SERVICIO],Tabla1[VALOR])*1),IF(J29>=1,_xlfn.XLOOKUP($B29,Tabla1[SERVICIO],Tabla1[VALOR]*J29),0))} -> 0 | M29: {=IF(L29="X",(_xlfn.XLOOKUP($B29,Tabla1[SERVICIO],Tabla1[VALOR])*1),IF(L29>=1,_xlfn.XLOOKUP($B29,Tabla1[SERVICIO],Tabla1[VALOR]*L29),0))} -> 0 | O29: {=IF(N29="X",(_xlfn.XLOOKUP($B29,Tabla1[SERVICIO],Tabla1[VALOR])*1),IF(N29>=1,_xlfn.XLOOKUP($B29,Tabla1[SERVICIO],Tabla1[VALOR]*N29),0))} -> 0 | Q29: {=IF(P29="X",(_xlfn.XLOOKUP($B29,Tabla1[SERVICIO],Tabla1[VALOR])*1),IF(P29>=1,_xlfn.XLOOKUP($B29,Tabla1[SERVICIO],Tabla1[VALOR]*P29),0))} -> 0 | S29: {=IF(R29="X",(_xlfn.XLOOKUP($B29,Tabla1[SERVICIO],Tabla1[VALOR])*1),IF(R29>=1,_xlfn.XLOOKUP($B29,Tabla1[SERVICIO],Tabla1[VALOR]*R29),0))} -> 0 | U29: {=IF(T29="X",(_xlfn.XLOOKUP($B29,Tabla1[SERVICIO],Tabla1[VALOR])*1),IF(T29>=1,_xlfn.XLOOKUP($B29,Tabla1[SERVICIO],Tabla1[VALOR]*T29),0))} -> 0 | W29: {=IF(V29="X",(_xlfn.XLOOKUP($B29,Tabla1[SERVICIO],Tabla1[VALOR])*1),IF(V29>=1,_xlfn.XLOOKUP($B29,Tabla1[SERVICIO],Tabla1[VALOR]*V29),0))} -> 0 | Y29: {=IF(X29="X",(_xlfn.XLOOKUP($B29,Tabla1[SERVICIO],Tabla1[VALOR])*1),IF(X29>=1,_xlfn.XLOOKUP($B29,Tabla1[SERVICIO],Tabla1[VALOR]*X29),0))} -> 0 | AA29: {=IF(Z29="X",(_xlfn.XLOOKUP($B29,Tabla1[SERVICIO],Tabla1[VALOR])*1),IF(Z29>=1,_xlfn.XLOOKUP($B29,Tabla1[SERVICIO],Tabla1[VALOR]*Z29),0))} -> 0 | AB29: =+E29+G29+I29+K29+M29+O29+Q29+S29+U29+W29+Y29+AA29 -> 67391.282 | AC29: =+Tabla428[[#This Row],[MES 1]]+Tabla428[[#This Row],[MES 2]]+Tabla428[[#This Row],[MES 3]]+Tabla428[[#This Row],[MES 4]]+Tabla428[[#This Row],[MES 5]]+Tabla428[[#This Row],[MES 6]]+Tabla428[[#This Row],[MES 7]]+Tabla428[[#This Row],[MES 8]]+Tabla428[[#This Row],[MES 9]]+Tabla428[[#This Row],[MES 10]]+Tabla428[[#This Row],[MES 11]]+Tabla428[[#This Row],[MES 12]] -> 1 | AD29: PROBABILISTICO | AE29: 0.055973266 | AF29: =+Tabla428[[#This Row],[TOTAL]]*AE29 -> 3772.1102 | AG29: ASMA | AH29: 12
A30: CPI_30 | B30: PARTICIPACIoN JUNTA MEDICA/ PROGRAMAS (Segun indicacion medica) | C30: =_xlfn.XLOOKUP(Tabla428[[#This Row],[Servicios del Programa:]],Tabla151[CODIGO],Tabla151[VALOR]) -> Gestion y seguimiento | E30: {=IF(D30="X",(_xlfn.XLOOKUP($B30,Tabla1[SERVICIO],Tabla1[VALOR])*1),IF(D30>=1,_xlfn.XLOOKUP($B30,Tabla1[SERVICIO],Tabla1[VALOR]*D30),0))} -> 0 | G30: {=IF(F30="X",(_xlfn.XLOOKUP($B30,Tabla1[SERVICIO],Tabla1[VALOR])*1),IF(F30>=1,_xlfn.XLOOKUP($B30,Tabla1[SERVICIO],Tabla1[VALOR]*F30),0))} -> 0 | I30: {=IF(H30="X",(_xlfn.XLOOKUP($B30,Tabla1[SERVICIO],Tabla1[VALOR])*1),IF(H30>=1,_xlfn.XLOOKUP($B30,Tabla1[SERVICIO],Tabla1[VALOR]*H30),0))} -> 0 | K30: {=IF(J30="X",(_xlfn.XLOOKUP($B30,Tabla1[SERVICIO],Tabla1[VALOR])*1),IF(J30>=1,_xlfn.XLOOKUP($B30,Tabla1[SERVICIO],Tabla1[VALOR]*J30),0))} -> 0 | M30: {=IF(L30="X",(_xlfn.XLOOKUP($B30,Tabla1[SERVICIO],Tabla1[VALOR])*1),IF(L30>=1,_xlfn.XLOOKUP($B30,Tabla1[SERVICIO],Tabla1[VALOR]*L30),0))} -> 0 | N30: 1 | O30: {=IF(N30="X",(_xlfn.XLOOKUP($B30,Tabla1[SERVICIO],Tabla1[VALOR])*1),IF(N30>=1,_xlfn.XLOOKUP($B30,Tabla1[SERVICIO],Tabla1[VALOR]*N30),0))} -> 145259.19 | Q30: {=IF(P30="X",(_xlfn.XLOOKUP($B30,Tabla1[SERVICIO],Tabla1[VALOR])*1),IF(P30>=1,_xlfn.XLOOKUP($B30,Tabla1[SERVICIO],Tabla1[VALOR]*P30),0))} -> 0 | S30: {=IF(R30="X",(_xlfn.XLOOKUP($B30,Tabla1[SERVICIO],Tabla1[VALOR])*1),IF(R30>=1,_xlfn.XLOOKUP($B30,Tabla1[SERVICIO],Tabla1[VALOR]*R30),0))} -> 0 | U30: {=IF(T30="X",(_xlfn.XLOOKUP($B30,Tabla1[SERVICIO],Tabla1[VALOR])*1),IF(T30>=1,_xlfn.XLOOKUP($B30,Tabla1[SERVICIO],Tabla1[VALOR]*T30),0))} -> 0 | W30: {=IF(V30="X",(_xlfn.XLOOKUP($B30,Tabla1[SERVICIO],Tabla1[VALOR])*1),IF(V30>=1,_xlfn.XLOOKUP($B30,Tabla1[SERVICIO],Tabla1[VALOR]*V30),0))} -> 0 | Y30: {=IF(X30="X",(_xlfn.XLOOKUP($B30,Tabla1[SERVICIO],Tabla1[VALOR])*1),IF(X30>=1,_xlfn.XLOOKUP($B30,Tabla1[SERVICIO],Tabla1[VALOR]*X30),0))} -> 0 | AA30: {=IF(Z30="X",(_xlfn.XLOOKUP($B30,Tabla1[SERVICIO],Tabla1[VALOR])*1),IF(Z30>=1,_xlfn.XLOOKUP($B30,Tabla1[SERVICIO],Tabla1[VALOR]*Z30),0))} -> 0 | AB30: =+E30+G30+I30+K30+M30+O30+Q30+S30+U30+W30+Y30+AA30 -> 145259.19 | AC30: =+Tabla428[[#This Row],[MES 1]]+Tabla428[[#This Row],[MES 2]]+Tabla428[[#This Row],[MES 3]]+Tabla428[[#This Row],[MES 4]]+Tabla428[[#This Row],[MES 5]]+Tabla428[[#This Row],[MES 6]]+Tabla428[[#This Row],[MES 7]]+Tabla428[[#This Row],[MES 8]]+Tabla428[[#This Row],[MES 9]]+Tabla428[[#This Row],[MES 10]]+Tabla428[[#This Row],[MES 11]]+Tabla428[[#This Row],[MES 12]] -> 1 | AD30: PROBABILISTICO | AE30: 0.035087719 | AF30: =+Tabla428[[#This Row],[TOTAL]]*AE30 -> 5096.8138 | AG30: ASMA | AH30: 12
A31: CPI_06 | B31: CONSULTA PRIORITARIA/ PROGRAMAS (Todas las que requiera el paciente) | C31: =_xlfn.XLOOKUP(Tabla428[[#This Row],[Servicios del Programa:]],Tabla151[CODIGO],Tabla151[VALOR]) -> Consultas | E31: {=IF(D31="X",(_xlfn.XLOOKUP($B31,Tabla1[SERVICIO],Tabla1[VALOR])*1),IF(D31>=1,_xlfn.XLOOKUP($B31,Tabla1[SERVICIO],Tabla1[VALOR]*D31),0))} -> 0 | G31: {=IF(F31="X",(_xlfn.XLOOKUP($B31,Tabla1[SERVICIO],Tabla1[VALOR])*1),IF(F31>=1,_xlfn.XLOOKUP($B31,Tabla1[SERVICIO],Tabla1[VALOR]*F31),0))} -> 0 | I31: {=IF(H31="X",(_xlfn.XLOOKUP($B31,Tabla1[SERVICIO],Tabla1[VALOR])*1),IF(H31>=1,_xlfn.XLOOKUP($B31,Tabla1[SERVICIO],Tabla1[VALOR]*H31),0))} -> 0 | K31: {=IF(J31="X",(_xlfn.XLOOKUP($B31,Tabla1[SERVICIO],Tabla1[VALOR])*1),IF(J31>=1,_xlfn.XLOOKUP($B31,Tabla1[SERVICIO],Tabla1[VALOR]*J31),0))} -> 0 | M31: {=IF(L31="X",(_xlfn.XLOOKUP($B31,Tabla1[SERVICIO],Tabla1[VALOR])*1),IF(L31>=1,_xlfn.XLOOKUP($B31,Tabla1[SERVICIO],Tabla1[VALOR]*L31),0))} -> 0 | O31: {=IF(N31="X",(_xlfn.XLOOKUP($B31,Tabla1[SERVICIO],Tabla1[VALOR])*1),IF(N31>=1,_xlfn.XLOOKUP($B31,Tabla1[SERVICIO],Tabla1[VALOR]*N31),0))} -> 0 | P31: 1 | Q31: {=IF(P31="X",(_xlfn.XLOOKUP($B31,Tabla1[SERVICIO],Tabla1[VALOR])*1),IF(P31>=1,_xlfn.XLOOKUP($B31,Tabla1[SERVICIO],Tabla1[VALOR]*P31),0))} -> 56420.693 | S31: {=IF(R31="X",(_xlfn.XLOOKUP($B31,Tabla1[SERVICIO],Tabla1[VALOR])*1),IF(R31>=1,_xlfn.XLOOKUP($B31,Tabla1[SERVICIO],Tabla1[VALOR]*R31),0))} -> 0 | U31: {=IF(T31="X",(_xlfn.XLOOKUP($B31,Tabla1[SERVICIO],Tabla1[VALOR])*1),IF(T31>=1,_xlfn.XLOOKUP($B31,Tabla1[SERVICIO],Tabla1[VALOR]*T31),0))} -> 0 | W31: {=IF(V31="X",(_xlfn.XLOOKUP($B31,Tabla1[SERVICIO],Tabla1[VALOR])*1),IF(V31>=1,_xlfn.XLOOKUP($B31,Tabla1[SERVICIO],Tabla1[VALOR]*V31),0))} -> 0 | Y31: {=IF(X31="X",(_xlfn.XLOOKUP($B31,Tabla1[SERVICIO],Tabla1[VALOR])*1),IF(X31>=1,_xlfn.XLOOKUP($B31,Tabla1[SERVICIO],Tabla1[VALOR]*X31),0))} -> 0 | AA31: {=IF(Z31="X",(_xlfn.XLOOKUP($B31,Tabla1[SERVICIO],Tabla1[VALOR])*1),IF(Z31>=1,_xlfn.XLOOKUP($B31,Tabla1[SERVICIO],Tabla1[VALOR]*Z31),0))} -> 0 | AB31: =+E31+G31+I31+K31+M31+O31+Q31+S31+U31+W31+Y31+AA31 -> 56420.693 | AC31: =+Tabla428[[#This Row],[MES 1]]+Tabla428[[#This Row],[MES 2]]+Tabla428[[#This Row],[MES 3]]+Tabla428[[#This Row],[MES 4]]+Tabla428[[#This Row],[MES 5]]+Tabla428[[#This Row],[MES 6]]+Tabla428[[#This Row],[MES 7]]+Tabla428[[#This Row],[MES 8]]+Tabla428[[#This Row],[MES 9]]+Tabla428[[#This Row],[MES 10]]+Tabla428[[#This Row],[MES 11]]+Tabla428[[#This Row],[MES 12]] -> 1 | AD31: PROBABILISTICO | AE31: 0.46031746 | AF31: =+Tabla428[[#This Row],[TOTAL]]*AE31 -> 25971.43 | AG31: ASMA | AH31: 12
A32: CPI_78 | B32: CONSULTA PRIMERA VEZ MEDICINA GENERAL / PROGRAMAS | C32: =_xlfn.XLOOKUP(Tabla428[[#This Row],[Servicios del Programa:]],Tabla151[CODIGO],Tabla151[VALOR]) -> Consultas | D32: 1 | E32: {=IF(D32="X",(_xlfn.XLOOKUP($B32,Tabla1[SERVICIO],Tabla1[VALOR])*1),IF(D32>=1,_xlfn.XLOOKUP($B32,Tabla1[SERVICIO],Tabla1[VALOR]*D32),0))} -> 24009.73 | G32: {=IF(F32="X",(_xlfn.XLOOKUP($B32,Tabla1[SERVICIO],Tabla1[VALOR])*1),IF(F32>=1,_xlfn.XLOOKUP($B32,Tabla1[SERVICIO],Tabla1[VALOR]*F32),0))} -> 0 | I32: {=IF(H32="X",(_xlfn.XLOOKUP($B32,Tabla1[SERVICIO],Tabla1[VALOR])*1),IF(H32>=1,_xlfn.XLOOKUP($B32,Tabla1[SERVICIO],Tabla1[VALOR]*H32),0))} -> 0 | K32: {=IF(J32="X",(_xlfn.XLOOKUP($B32,Tabla1[SERVICIO],Tabla1[VALOR])*1),IF(J32>=1,_xlfn.XLOOKUP($B32,Tabla1[SERVICIO],Tabla1[VALOR]*J32),0))} -> 0 | M32: {=IF(L32="X",(_xlfn.XLOOKUP($B32,Tabla1[SERVICIO],Tabla1[VALOR])*1),IF(L32>=1,_xlfn.XLOOKUP($B32,Tabla1[SERVICIO],Tabla1[VALOR]*L32),0))} -> 0 | O32: {=IF(N32="X",(_xlfn.XLOOKUP($B32,Tabla1[SERVICIO],Tabla1[VALOR])*1),IF(N32>=1,_xlfn.XLOOKUP($B32,Tabla1[SERVICIO],Tabla1[VALOR]*N32),0))} -> 0 | Q32: {=IF(P32="X",(_xlfn.XLOOKUP($B32,Tabla1[SERVICIO],Tabla1[VALOR])*1),IF(P32>=1,_xlfn.XLOOKUP($B32,Tabla1[SERVICIO],Tabla1[VALOR]*P32),0))} -> 0 | S32: {=IF(R32="X",(_xlfn.XLOOKUP($B32,Tabla1[SERVICIO],Tabla1[VALOR])*1),IF(R32>=1,_xlfn.XLOOKUP($B32,Tabla1[SERVICIO],Tabla1[VALOR]*R32),0))} -> 0 | U32: {=IF(T32="X",(_xlfn.XLOOKUP($B32,Tabla1[SERVICIO],Tabla1[VALOR])*1),IF(T32>=1,_xlfn.XLOOKUP($B32,Tabla1[SERVICIO],Tabla1[VALOR]*T32),0))} -> 0 | W32: {=IF(V32="X",(_xlfn.XLOOKUP($B32,Tabla1[SERVICIO],Tabla1[VALOR])*1),IF(V32>=1,_xlfn.XLOOKUP($B32,Tabla1[SERVICIO],Tabla1[VALOR]*V32),0))} -> 0 | Y32: {=IF(X32="X",(_xlfn.XLOOKUP($B32,Tabla1[SERVICIO],Tabla1[VALOR])*1),IF(X32>=1,_xlfn.XLOOKUP($B32,Tabla1[SERVICIO],Tabla1[VALOR]*X32),0))} -> 0 | AA32: {=IF(Z32="X",(_xlfn.XLOOKUP($B32,Tabla1[SERVICIO],Tabla1[VALOR])*1),IF(Z32>=1,_xlfn.XLOOKUP($B32,Tabla1[SERVICIO],Tabla1[VALOR]*Z32),0))} -> 0 | AB32: =+E32+G32+I32+K32+M32+O32+Q32+S32+U32+W32+Y32+AA32 -> 24009.73 | AC32: =+Tabla428[[#This Row],[MES 1]]+Tabla428[[#This Row],[MES 2]]+Tabla428[[#This Row],[MES 3]]+Tabla428[[#This Row],[MES 4]]+Tabla428[[#This Row],[MES 5]]+Tabla428[[#This Row],[MES 6]]+Tabla428[[#This Row],[MES 7]]+Tabla428[[#This Row],[MES 8]]+Tabla428[[#This Row],[MES 9]]+Tabla428[[#This Row],[MES 10]]+Tabla428[[#This Row],[MES 11]]+Tabla428[[#This Row],[MES 12]] -> 1 | AD32: PROBABILISTICO | AE32: 0.0025062657 | AF32: =+Tabla428[[#This Row],[TOTAL]]*AE32 -> 60.174763 | AG32: ASMA | AH32: 12
A33: CPI_86 | B33: DEPORTOLOGIA PRIMERA VEZ/PROGRAMAS (solo si se requiere) | C33: =_xlfn.XLOOKUP(Tabla428[[#This Row],[Servicios del Programa:]],Tabla151[CODIGO],Tabla151[VALOR]) -> Consultas | D33: 1 | E33: {=IF(D33="X",(_xlfn.XLOOKUP($B33,Tabla1[SERVICIO],Tabla1[VALOR])*1),IF(D33>=1,_xlfn.XLOOKUP($B33,Tabla1[SERVICIO],Tabla1[VALOR]*D33),0))} -> 60236.093 | G33: {=IF(F33="X",(_xlfn.XLOOKUP($B33,Tabla1[SERVICIO],Tabla1[VALOR])*1),IF(F33>=1,_xlfn.XLOOKUP($B33,Tabla1[SERVICIO],Tabla1[VALOR]*F33),0))} -> 0 | I33: {=IF(H33="X",(_xlfn.XLOOKUP($B33,Tabla1[SERVICIO],Tabla1[VALOR])*1),IF(H33>=1,_xlfn.XLOOKUP($B33,Tabla1[SERVICIO],Tabla1[VALOR]*H33),0))} -> 0 | K33: {=IF(J33="X",(_xlfn.XLOOKUP($B33,Tabla1[SERVICIO],Tabla1[VALOR])*1),IF(J33>=1,_xlfn.XLOOKUP($B33,Tabla1[SERVICIO],Tabla1[VALOR]*J33),0))} -> 0 | M33: {=IF(L33="X",(_xlfn.XLOOKUP($B33,Tabla1[SERVICIO],Tabla1[VALOR])*1),IF(L33>=1,_xlfn.XLOOKUP($B33,Tabla1[SERVICIO],Tabla1[VALOR]*L33),0))} -> 0 | O33: {=IF(N33="X",(_xlfn.XLOOKUP($B33,Tabla1[SERVICIO],Tabla1[VALOR])*1),IF(N33>=1,_xlfn.XLOOKUP($B33,Tabla1[SERVICIO],Tabla1[VALOR]*N33),0))} -> 0 | Q33: {=IF(P33="X",(_xlfn.XLOOKUP($B33,Tabla1[SERVICIO],Tabla1[VALOR])*1),IF(P33>=1,_xlfn.XLOOKUP($B33,Tabla1[SERVICIO],Tabla1[VALOR]*P33),0))} -> 0 | S33: {=IF(R33="X",(_xlfn.XLOOKUP($B33,Tabla1[SERVICIO],Tabla1[VALOR])*1),IF(R33>=1,_xlfn.XLOOKUP($B33,Tabla1[SERVICIO],Tabla1[VALOR]*R33),0))} -> 0 | U33: {=IF(T33="X",(_xlfn.XLOOKUP($B33,Tabla1[SERVICIO],Tabla1[VALOR])*1),IF(T33>=1,_xlfn.XLOOKUP($B33,Tabla1[SERVICIO],Tabla1[VALOR]*T33),0))} -> 0 | W33: {=IF(V33="X",(_xlfn.XLOOKUP($B33,Tabla1[SERVICIO],Tabla1[VALOR])*1),IF(V33>=1,_xlfn.XLOOKUP($B33,Tabla1[SERVICIO],Tabla1[VALOR]*V33),0))} -> 0 | Y33: {=IF(X33="X",(_xlfn.XLOOKUP($B33,Tabla1[SERVICIO],Tabla1[VALOR])*1),IF(X33>=1,_xlfn.XLOOKUP($B33,Tabla1[SERVICIO],Tabla1[VALOR]*X33),0))} -> 0 | AA33: {=IF(Z33="X",(_xlfn.XLOOKUP($B33,Tabla1[SERVICIO],Tabla1[VALOR])*1),IF(Z33>=1,_xlfn.XLOOKUP($B33,Tabla1[SERVICIO],Tabla1[VALOR]*Z33),0))} -> 0 | AB33: =+E33+G33+I33+K33+M33+O33+Q33+S33+U33+W33+Y33+AA33 -> 60236.093 | AC33: =+Tabla428[[#This Row],[MES 1]]+Tabla428[[#This Row],[MES 2]]+Tabla428[[#This Row],[MES 3]]+Tabla428[[#This Row],[MES 4]]+Tabla428[[#This Row],[MES 5]]+Tabla428[[#This Row],[MES 6]]+Tabla428[[#This Row],[MES 7]]+Tabla428[[#This Row],[MES 8]]+Tabla428[[#This Row],[MES 9]]+Tabla428[[#This Row],[MES 10]]+Tabla428[[#This Row],[MES 11]]+Tabla428[[#This Row],[MES 12]] -> 1 | AD33: PROBABILISTICO | AE33: 0.025062657 | AF33: =+Tabla428[[#This Row],[TOTAL]]*AE33 -> 1509.6765 | AG33: ASMA | AH33: 12
A34: CPI_87 | B34: DEPORTOLOGIA CONTROL/PROGRAMAS (solo si se requiere) | C34: =_xlfn.XLOOKUP(Tabla428[[#This Row],[Servicios del Programa:]],Tabla151[CODIGO],Tabla151[VALOR]) -> Consultas | E34: {=IF(D34="X",(_xlfn.XLOOKUP($B34,Tabla1[SERVICIO],Tabla1[VALOR])*1),IF(D34>=1,_xlfn.XLOOKUP($B34,Tabla1[SERVICIO],Tabla1[VALOR]*D34),0))} -> 0 | G34: {=IF(F34="X",(_xlfn.XLOOKUP($B34,Tabla1[SERVICIO],Tabla1[VALOR])*1),IF(F34>=1,_xlfn.XLOOKUP($B34,Tabla1[SERVICIO],Tabla1[VALOR]*F34),0))} -> 0 | I34: {=IF(H34="X",(_xlfn.XLOOKUP($B34,Tabla1[SERVICIO],Tabla1[VALOR])*1),IF(H34>=1,_xlfn.XLOOKUP($B34,Tabla1[SERVICIO],Tabla1[VALOR]*H34),0))} -> 0 | K34: {=IF(J34="X",(_xlfn.XLOOKUP($B34,Tabla1[SERVICIO],Tabla1[VALOR])*1),IF(J34>=1,_xlfn.XLOOKUP($B34,Tabla1[SERVICIO],Tabla1[VALOR]*J34),0))} -> 0 | M34: {=IF(L34="X",(_xlfn.XLOOKUP($B34,Tabla1[SERVICIO],Tabla1[VALOR])*1),IF(L34>=1,_xlfn.XLOOKUP($B34,Tabla1[SERVICIO],Tabla1[VALOR]*L34),0))} -> 0 | O34: {=IF(N34="X",(_xlfn.XLOOKUP($B34,Tabla1[SERVICIO],Tabla1[VALOR])*1),IF(N34>=1,_xlfn.XLOOKUP($B34,Tabla1[SERVICIO],Tabla1[VALOR]*N34),0))} -> 0 | P34: 1 | Q34: {=IF(P34="X",(_xlfn.XLOOKUP($B34,Tabla1[SERVICIO],Tabla1[VALOR])*1),IF(P34>=1,_xlfn.XLOOKUP($B34,Tabla1[SERVICIO],Tabla1[VALOR]*P34),0))} -> 62748.232 | S34: {=IF(R34="X",(_xlfn.XLOOKUP($B34,Tabla1[SERVICIO],Tabla1[VALOR])*1),IF(R34>=1,_xlfn.XLOOKUP($B34,Tabla1[SERVICIO],Tabla1[VALOR]*R34),0))} -> 0 | U34: {=IF(T34="X",(_xlfn.XLOOKUP($B34,Tabla1[SERVICIO],Tabla1[VALOR])*1),IF(T34>=1,_xlfn.XLOOKUP($B34,Tabla1[SERVICIO],Tabla1[VALOR]*T34),0))} -> 0 | W34: {=IF(V34="X",(_xlfn.XLOOKUP($B34,Tabla1[SERVICIO],Tabla1[VALOR])*1),IF(V34>=1,_xlfn.XLOOKUP($B34,Tabla1[SERVICIO],Tabla1[VALOR]*V34),0))} -> 0 | Y34: {=IF(X34="X",(_xlfn.XLOOKUP($B34,Tabla1[SERVICIO],Tabla1[VALOR])*1),IF(X34>=1,_xlfn.XLOOKUP($B34,Tabla1[SERVICIO],Tabla1[VALOR]*X34),0))} -> 0 | AA34: {=IF(Z34="X",(_xlfn.XLOOKUP($B34,Tabla1[SERVICIO],Tabla1[VALOR])*1),IF(Z34>=1,_xlfn.XLOOKUP($B34,Tabla1[SERVICIO],Tabla1[VALOR]*Z34),0))} -> 0 | AB34: =+E34+G34+I34+K34+M34+O34+Q34+S34+U34+W34+Y34+AA34 -> 62748.232 | AC34: =+Tabla428[[#This Row],[MES 1]]+Tabla428[[#This Row],[MES 2]]+Tabla428[[#This Row],[MES 3]]+Tabla428[[#This Row],[MES 4]]+Tabla428[[#This Row],[MES 5]]+Tabla428[[#This Row],[MES 6]]+Tabla428[[#This Row],[MES 7]]+Tabla428[[#This Row],[MES 8]]+Tabla428[[#This Row],[MES 9]]+Tabla428[[#This Row],[MES 10]]+Tabla428[[#This Row],[MES 11]]+Tabla428[[#This Row],[MES 12]] -> 1 | AD34: PROBABILISTICO | AE34: 0.0083542189 | AF34: =+Tabla428[[#This Row],[TOTAL]]*AE34 -> 524.21247 | AG34: ASMA | AH34: 12
A35: CPI_88 | B35: DEPORTOLOGIA EGRESO/PROGRAMAS (solo si se requiere) | C35: =_xlfn.XLOOKUP(Tabla428[[#This Row],[Servicios del Programa:]],Tabla151[CODIGO],Tabla151[VALOR]) -> Consultas | E35: {=IF(D35="X",(_xlfn.XLOOKUP($B35,Tabla1[SERVICIO],Tabla1[VALOR])*1),IF(D35>=1,_xlfn.XLOOKUP($B35,Tabla1[SERVICIO],Tabla1[VALOR]*D35),0))} -> 0 | G35: {=IF(F35="X",(_xlfn.XLOOKUP($B35,Tabla1[SERVICIO],Tabla1[VALOR])*1),IF(F35>=1,_xlfn.XLOOKUP($B35,Tabla1[SERVICIO],Tabla1[VALOR]*F35),0))} -> 0 | I35: {=IF(H35="X",(_xlfn.XLOOKUP($B35,Tabla1[SERVICIO],Tabla1[VALOR])*1),IF(H35>=1,_xlfn.XLOOKUP($B35,Tabla1[SERVICIO],Tabla1[VALOR]*H35),0))} -> 0 | K35: {=IF(J35="X",(_xlfn.XLOOKUP($B35,Tabla1[SERVICIO],Tabla1[VALOR])*1),IF(J35>=1,_xlfn.XLOOKUP($B35,Tabla1[SERVICIO],Tabla1[VALOR]*J35),0))} -> 0 | M35: {=IF(L35="X",(_xlfn.XLOOKUP($B35,Tabla1[SERVICIO],Tabla1[VALOR])*1),IF(L35>=1,_xlfn.XLOOKUP($B35,Tabla1[SERVICIO],Tabla1[VALOR]*L35),0))} -> 0 | O35: {=IF(N35="X",(_xlfn.XLOOKUP($B35,Tabla1[SERVICIO],Tabla1[VALOR])*1),IF(N35>=1,_xlfn.XLOOKUP($B35,Tabla1[SERVICIO],Tabla1[VALOR]*N35),0))} -> 0 | Q35: {=IF(P35="X",(_xlfn.XLOOKUP($B35,Tabla1[SERVICIO],Tabla1[VALOR])*1),IF(P35>=1,_xlfn.XLOOKUP($B35,Tabla1[SERVICIO],Tabla1[VALOR]*P35),0))} -> 0 | S35: {=IF(R35="X",(_xlfn.XLOOKUP($B35,Tabla1[SERVICIO],Tabla1[VALOR])*1),IF(R35>=1,_xlfn.XLOOKUP($B35,Tabla1[SERVICIO],Tabla1[VALOR]*R35),0))} -> 0 | U35: {=IF(T35="X",(_xlfn.XLOOKUP($B35,Tabla1[SERVICIO],Tabla1[VALOR])*1),IF(T35>=1,_xlfn.XLOOKUP($B35,Tabla1[SERVICIO],Tabla1[VALOR]*T35),0))} -> 0 | W35: {=IF(V35="X",(_xlfn.XLOOKUP($B35,Tabla1[SERVICIO],Tabla1[VALOR])*1),IF(V35>=1,_xlfn.XLOOKUP($B35,Tabla1[SERVICIO],Tabla1[VALOR]*V35),0))} -> 0 | Y35: {=IF(X35="X",(_xlfn.XLOOKUP($B35,Tabla1[SERVICIO],Tabla1[VALOR])*1),IF(X35>=1,_xlfn.XLOOKUP($B35,Tabla1[SERVICIO],Tabla1[VALOR]*X35),0))} -> 0 | Z35: 1 | AA35: {=IF(Z35="X",(_xlfn.XLOOKUP($B35,Tabla1[SERVICIO],Tabla1[VALOR])*1),IF(Z35>=1,_xlfn.XLOOKUP($B35,Tabla1[SERVICIO],Tabla1[VALOR]*Z35),0))} -> 62748.232 | AB35: =+E35+G35+I35+K35+M35+O35+Q35+S35+U35+W35+Y35+AA35 -> 62748.232 | AC35: =+Tabla428[[#This Row],[MES 1]]+Tabla428[[#This Row],[MES 2]]+Tabla428[[#This Row],[MES 3]]+Tabla428[[#This Row],[MES 4]]+Tabla428[[#This Row],[MES 5]]+Tabla428[[#This Row],[MES 6]]+Tabla428[[#This Row],[MES 7]]+Tabla428[[#This Row],[MES 8]]+Tabla428[[#This Row],[MES 9]]+Tabla428[[#This Row],[MES 10]]+Tabla428[[#This Row],[MES 11]]+Tabla428[[#This Row],[MES 12]] -> 1 | AD35: PROBABILISTICO | AE35: 0 | AF35: =+Tabla428[[#This Row],[TOTAL]]*AE35 -> 0 | AG35: ASMA | AH35: 12
A36: CPI_31 | B36: REHABILITACIoN EGRESO / PROGRAMAS | C36: =_xlfn.XLOOKUP(Tabla428[[#This Row],[Servicios del Programa:]],Tabla151[CODIGO],Tabla151[VALOR]) -> Terapias | E36: {=IF(D36="X",(_xlfn.XLOOKUP($B36,Tabla1[SERVICIO],Tabla1[VALOR])*1),IF(D36>=1,_xlfn.XLOOKUP($B36,Tabla1[SERVICIO],Tabla1[VALOR]*D36),0))} -> 0 | G36: {=IF(F36="X",(_xlfn.XLOOKUP($B36,Tabla1[SERVICIO],Tabla1[VALOR])*1),IF(F36>=1,_xlfn.XLOOKUP($B36,Tabla1[SERVICIO],Tabla1[VALOR]*F36),0))} -> 0 | I36: {=IF(H36="X",(_xlfn.XLOOKUP($B36,Tabla1[SERVICIO],Tabla1[VALOR])*1),IF(H36>=1,_xlfn.XLOOKUP($B36,Tabla1[SERVICIO],Tabla1[VALOR]*H36),0))} -> 0 | K36: {=IF(J36="X",(_xlfn.XLOOKUP($B36,Tabla1[SERVICIO],Tabla1[VALOR])*1),IF(J36>=1,_xlfn.XLOOKUP($B36,Tabla1[SERVICIO],Tabla1[VALOR]*J36),0))} -> 0 | M36: {=IF(L36="X",(_xlfn.XLOOKUP($B36,Tabla1[SERVICIO],Tabla1[VALOR])*1),IF(L36>=1,_xlfn.XLOOKUP($B36,Tabla1[SERVICIO],Tabla1[VALOR]*L36),0))} -> 0 | O36: {=IF(N36="X",(_xlfn.XLOOKUP($B36,Tabla1[SERVICIO],Tabla1[VALOR])*1),IF(N36>=1,_xlfn.XLOOKUP($B36,Tabla1[SERVICIO],Tabla1[VALOR]*N36),0))} -> 0 | Q36: {=IF(P36="X",(_xlfn.XLOOKUP($B36,Tabla1[SERVICIO],Tabla1[VALOR])*1),IF(P36>=1,_xlfn.XLOOKUP($B36,Tabla1[SERVICIO],Tabla1[VALOR]*P36),0))} -> 0 | S36: {=IF(R36="X",(_xlfn.XLOOKUP($B36,Tabla1[SERVICIO],Tabla1[VALOR])*1),IF(R36>=1,_xlfn.XLOOKUP($B36,Tabla1[SERVICIO],Tabla1[VALOR]*R36),0))} -> 0 | U36: {=IF(T36="X",(_xlfn.XLOOKUP($B36,Tabla1[SERVICIO],Tabla1[VALOR])*1),IF(T36>=1,_xlfn.XLOOKUP($B36,Tabla1[SERVICIO],Tabla1[VALOR]*T36),0))} -> 0 | W36: {=IF(V36="X",(_xlfn.XLOOKUP($B36,Tabla1[SERVICIO],Tabla1[VALOR])*1),IF(V36>=1,_xlfn.XLOOKUP($B36,Tabla1[SERVICIO],Tabla1[VALOR]*V36),0))} -> 0 | Y36: {=IF(X36="X",(_xlfn.XLOOKUP($B36,Tabla1[SERVICIO],Tabla1[VALOR])*1),IF(X36>=1,_xlfn.XLOOKUP($B36,Tabla1[SERVICIO],Tabla1[VALOR]*X36),0))} -> 0 | Z36: 1 | AA36: {=IF(Z36="X",(_xlfn.XLOOKUP($B36,Tabla1[SERVICIO],Tabla1[VALOR])*1),IF(Z36>=1,_xlfn.XLOOKUP($B36,Tabla1[SERVICIO],Tabla1[VALOR]*Z36),0))} -> 31881.452 | AB36: =+E36+G36+I36+K36+M36+O36+Q36+S36+U36+W36+Y36+AA36 -> 31881.452 | AC36: =+Tabla428[[#This Row],[MES 1]]+Tabla428[[#This Row],[MES 2]]+Tabla428[[#This Row],[MES 3]]+Tabla428[[#This Row],[MES 4]]+Tabla428[[#This Row],[MES 5]]+Tabla428[[#This Row],[MES 6]]+Tabla428[[#This Row],[MES 7]]+Tabla428[[#This Row],[MES 8]]+Tabla428[[#This Row],[MES 9]]+Tabla428[[#This Row],[MES 10]]+Tabla428[[#This Row],[MES 11]]+Tabla428[[#This Row],[MES 12]] -> 1 | AD36: FIJO | AE36: 1 | AF36: =+Tabla428[[#This Row],[TOTAL]]*AE36 -> 31881.452 | AG36: ASMA | AH36: 12
A37: CPI_02 | B37: REHABILITACION INGRESO / PROGRAMAS | C37: =_xlfn.XLOOKUP(Tabla428[[#This Row],[Servicios del Programa:]],Tabla151[CODIGO],Tabla151[VALOR]) -> Terapias | E37: {=IF(D37="X",(_xlfn.XLOOKUP($B37,Tabla1[SERVICIO],Tabla1[VALOR])*1),IF(D37>=1,_xlfn.XLOOKUP($B37,Tabla1[SERVICIO],Tabla1[VALOR]*D37),0))} -> 0 | G37: {=IF(F37="X",(_xlfn.XLOOKUP($B37,Tabla1[SERVICIO],Tabla1[VALOR])*1),IF(F37>=1,_xlfn.XLOOKUP($B37,Tabla1[SERVICIO],Tabla1[VALOR]*F37),0))} -> 0 | H37: 1 | I37: {=IF(H37="X",(_xlfn.XLOOKUP($B37,Tabla1[SERVICIO],Tabla1[VALOR])*1),IF(H37>=1,_xlfn.XLOOKUP($B37,Tabla1[SERVICIO],Tabla1[VALOR]*H37),0))} -> 31881.452 | K37: {=IF(J37="X",(_xlfn.XLOOKUP($B37,Tabla1[SERVICIO],Tabla1[VALOR])*1),IF(J37>=1,_xlfn.XLOOKUP($B37,Tabla1[SERVICIO],Tabla1[VALOR]*J37),0))} -> 0 | M37: {=IF(L37="X",(_xlfn.XLOOKUP($B37,Tabla1[SERVICIO],Tabla1[VALOR])*1),IF(L37>=1,_xlfn.XLOOKUP($B37,Tabla1[SERVICIO],Tabla1[VALOR]*L37),0))} -> 0 | O37: {=IF(N37="X",(_xlfn.XLOOKUP($B37,Tabla1[SERVICIO],Tabla1[VALOR])*1),IF(N37>=1,_xlfn.XLOOKUP($B37,Tabla1[SERVICIO],Tabla1[VALOR]*N37),0))} -> 0 | Q37: {=IF(P37="X",(_xlfn.XLOOKUP($B37,Tabla1[SERVICIO],Tabla1[VALOR])*1),IF(P37>=1,_xlfn.XLOOKUP($B37,Tabla1[SERVICIO],Tabla1[VALOR]*P37),0))} -> 0 | S37: {=IF(R37="X",(_xlfn.XLOOKUP($B37,Tabla1[SERVICIO],Tabla1[VALOR])*1),IF(R37>=1,_xlfn.XLOOKUP($B37,Tabla1[SERVICIO],Tabla1[VALOR]*R37),0))} -> 0 | U37: {=IF(T37="X",(_xlfn.XLOOKUP($B37,Tabla1[SERVICIO],Tabla1[VALOR])*1),IF(T37>=1,_xlfn.XLOOKUP($B37,Tabla1[SERVICIO],Tabla1[VALOR]*T37),0))} -> 0 | W37: {=IF(V37="X",(_xlfn.XLOOKUP($B37,Tabla1[SERVICIO],Tabla1[VALOR])*1),IF(V37>=1,_xlfn.XLOOKUP($B37,Tabla1[SERVICIO],Tabla1[VALOR]*V37),0))} -> 0 | Y37: {=IF(X37="X",(_xlfn.XLOOKUP($B37,Tabla1[SERVICIO],Tabla1[VALOR])*1),IF(X37>=1,_xlfn.XLOOKUP($B37,Tabla1[SERVICIO],Tabla1[VALOR]*X37),0))} -> 0 | AA37: {=IF(Z37="X",(_xlfn.XLOOKUP($B37,Tabla1[SERVICIO],Tabla1[VALOR])*1),IF(Z37>=1,_xlfn.XLOOKUP($B37,Tabla1[SERVICIO],Tabla1[VALOR]*Z37),0))} -> 0 | AB37: =+E37+G37+I37+K37+M37+O37+Q37+S37+U37+W37+Y37+AA37 -> 31881.452 | AC37: =+Tabla428[[#This Row],[MES 1]]+Tabla428[[#This Row],[MES 2]]+Tabla428[[#This Row],[MES 3]]+Tabla428[[#This Row],[MES 4]]+Tabla428[[#This Row],[MES 5]]+Tabla428[[#This Row],[MES 6]]+Tabla428[[#This Row],[MES 7]]+Tabla428[[#This Row],[MES 8]]+Tabla428[[#This Row],[MES 9]]+Tabla428[[#This Row],[MES 10]]+Tabla428[[#This Row],[MES 11]]+Tabla428[[#This Row],[MES 12]] -> 1 | AD37: FIJO | AE37: 1 | AF37: =+Tabla428[[#This Row],[TOTAL]]*AE37 -> 31881.452 | AG37: ASMA | AH37: 12
